signal_date,code,name,action,action_group,stage,score,signal_price,reason_tags,source_tab,source_report
2026-06-01,2344,華邦電,REDUCE,REDUCE_GROUP,,0.00,168.00,,watchlist,reports/report_20260601.html
2026-06-01,2356,英業達,HOLD,WATCH_GROUP,,0.00,77.20,,watchlist,reports/report_20260601.html
2026-06-01,2408,南亞科,HOLD,WATCH_GROUP,,0.00,381.50,,watchlist,reports/report_20260601.html
2026-06-01,2409,友達,HOLD,WATCH_GROUP,,0.00,23.80,,watchlist,reports/report_20260601.html
2026-06-01,3060,銘異,BUY,BUY_GROUP,,0.00,29.65,,market,reports/report_20260601.html
2026-06-01,3149,正達,REDUCE,REDUCE_GROUP,,0.00,78.30,,watchlist,reports/report_20260601.html
2026-06-02,1210,大成,BUY,BUY_GROUP,,0.00,52.80,,market,reports/report_20260602.html
2026-06-02,1504,東元,HOLD,WATCH_GROUP,,0.00,75.50,,positions,reports/report_20260602.html
2026-06-02,1608,華榮,BUY,BUY_GROUP,,0.00,35.85,,market,reports/report_20260602.html
2026-06-02,1710,東聯,BUY,BUY_GROUP,,0.00,14.55,,market,reports/report_20260602.html
2026-06-02,1809,中釉,TAKE PROFIT,REDUCE_GROUP,,0.00,52.60,,positions,reports/report_20260602.html
2026-06-02,2105,正新,BUY,BUY_GROUP,,0.00,34.00,,market,reports/report_20260602.html
2026-06-02,2303,聯電,SELL,REDUCE_GROUP,,0.00,141.50,,positions,reports/report_20260602.html
2026-06-02,2323,中環,BUY,BUY_GROUP,,0.00,11.60,,market,reports/report_20260602.html
2026-06-02,2337,旺宏,WATCH,WATCH_GROUP,,0.00,175.50,,positions,reports/report_20260602.html
2026-06-02,2344,華邦電,HOLD,WATCH_GROUP,,0.00,184.50,,watchlist,reports/report_20260602.html
2026-06-02,2356,英業達,WATCH,WATCH_GROUP,,0.00,80.60,,watchlist,reports/report_20260602.html
2026-06-02,2374,佳能,HOLD,WATCH_GROUP,,0.00,82.50,,positions,reports/report_20260602.html
2026-06-02,2401,凌陽,REDUCE,REDUCE_GROUP,,0.00,28.90,,positions,reports/report_20260602.html
2026-06-02,2408,南亞科,HOLD,WATCH_GROUP,,0.00,419.50,,watchlist,reports/report_20260602.html
2026-06-02,2409,友達,HOLD,WATCH_GROUP,,0.00,26.15,,watchlist,reports/report_20260602.html
2026-06-02,2597,潤弘,BUY,BUY_GROUP,,0.00,173.50,,market,reports/report_20260602.html
2026-06-02,2883,凱基金,BUY,BUY_GROUP,,0.00,23.40,,market,reports/report_20260602.html
2026-06-02,3015,全漢,HOLD,WATCH_GROUP,,0.00,54.50,,positions,reports/report_20260602.html
2026-06-02,3048,益登,SELL,REDUCE_GROUP,,0.00,75.20,,positions,reports/report_20260602.html
2026-06-02,3060,銘異,BUY,BUY_GROUP,,0.00,32.60,,market,reports/report_20260602.html
2026-06-02,3149,正達,HOLD,WATCH_GROUP,,0.00,86.10,,watchlist,reports/report_20260602.html
2026-06-02,3264,欣銓,SELL,REDUCE_GROUP,,0.00,214.50,,watchlist,reports/report_20260602.html
2026-06-02,3706,神達,BUY,BUY_GROUP,,0.00,95.20,,market,reports/report_20260602.html
2026-06-02,5483,中美晶,HOLD,WATCH_GROUP,,0.00,164.50,,watchlist,reports/report_20260602.html
2026-06-02,6485,ASOLID TECHNOLOGY CO LTD,BUY,BUY_GROUP,,0.00,116.50,,market,reports/report_20260602.html
2026-06-02,8112,至上,BUY,BUY_GROUP,,0.00,94.50,,market,reports/report_20260602.html
2026-06-02,8299,群聯,HOLD,WATCH_GROUP,,0.00,2820.00,,watchlist,reports/report_20260602.html
2026-06-02,8358,金居,TAKE PROFIT,REDUCE_GROUP,,0.00,627.00,,positions,reports/report_20260602.html
2026-06-02,9910,豐泰,BUY,BUY_GROUP,,0.00,79.00,,market,reports/report_20260602.html
2026-06-03,1210,大成,BUY,BUY_GROUP,,0.00,53.70,,market,reports/report_20260603.html
2026-06-03,1210,大成,WAIT,WATCH_GROUP,未就緒 NOT_READY,0.00,53.70,NOT_READY,watchlist,reports/report_20260603.html
2026-06-03,1307,三芳,BUY,BUY_GROUP,,0.00,34.00,,market,reports/report_20260603.html
2026-06-03,1313,聯成,BUY,BUY_GROUP,,0.00,11.90,,market,reports/report_20260603.html
2026-06-03,1319,東陽,BUY,BUY_GROUP,,0.00,94.30,,market,reports/report_20260603.html
2026-06-03,1504,東元,WATCH,WATCH_GROUP,,0.00,83.00,,positions,reports/report_20260603.html
2026-06-03,1710,東聯,WATCH,WATCH_GROUP,,0.00,16.00,,positions,reports/report_20260603.html
2026-06-03,1907,永豐餘,BUY,BUY_GROUP,,0.00,25.05,,market,reports/report_20260603.html
2026-06-03,2108,南帝,BUY,BUY_GROUP,,0.00,28.90,,market,reports/report_20260603.html
2026-06-03,2303,聯電,REDUCE,REDUCE_GROUP,,0.00,130.50,,positions,reports/report_20260603.html
2026-06-03,2337,旺宏,REDUCE,REDUCE_GROUP,,0.00,162.00,,positions,reports/report_20260603.html
2026-06-03,2356,英業達,TAKE_PROFIT,ENTRY_CAUTION_GROUP,過熱 OVERHEATED,0.00,85.40,OVERHEATED;追高,watchlist,reports/report_20260603.html
2026-06-03,2401,凌陽,REDUCE,REDUCE_GROUP,,0.00,29.35,,positions,reports/report_20260603.html
2026-06-03,2413,環科,BUY,BUY_GROUP,,0.00,55.10,,market,reports/report_20260603.html
2026-06-03,2504,國產,BUY,BUY_GROUP,,0.00,35.90,,market,reports/report_20260603.html
2026-06-03,2504,國產,WATCH_CLOSELY,WATCH_GROUP,築底 BASE_BUILDING,0.00,35.90,BASE_BUILDING,watchlist,reports/report_20260603.html
2026-06-03,2889,國票金,BUY,BUY_GROUP,,0.00,15.15,,market,reports/report_20260603.html
2026-06-03,2889,國票金,WATCH_CLOSELY,WATCH_GROUP,築底 BASE_BUILDING,0.00,15.15,BASE_BUILDING,watchlist,reports/report_20260603.html
2026-06-03,3047,訊舟,BUY,BUY_GROUP,,0.00,17.00,,market,reports/report_20260603.html
2026-06-03,3060,銘異,WATCH,WATCH_GROUP,,0.00,33.75,,positions,reports/report_20260603.html
2026-06-03,3149,正達,TAKE_PROFIT,ENTRY_CAUTION_GROUP,過熱 OVERHEATED,0.00,90.80,OVERHEATED;追高,watchlist,reports/report_20260603.html
2026-06-03,3163,波若威,WAIT,WATCH_GROUP,未就緒 NOT_READY,0.00,1085.00,NOT_READY,watchlist,reports/report_20260603.html
2026-06-03,3264,欣銓,WAIT,WATCH_GROUP,未就緒 NOT_READY,0.00,229.50,NOT_READY,watchlist,reports/report_20260603.html
2026-06-03,3374,XINTEC INC,BUY,BUY_GROUP,,0.00,275.50,,market,reports/report_20260603.html
2026-06-03,4532,瑞智,WATCH,WATCH_GROUP,,0.00,24.85,,positions,reports/report_20260603.html
2026-06-03,4716,DAILY POLYMER CORP,BUY,BUY_GROUP,,0.00,16.65,,market,reports/report_20260603.html
2026-06-03,4976,佳凌,BUY,BUY_GROUP,,0.00,34.65,,market,reports/report_20260603.html
2026-06-03,5381,SPECTRUM ELECTRICS CORPORATION,BUY,BUY_GROUP,,0.00,29.25,,market,reports/report_20260603.html
2026-06-03,5490,同亨,TAKE_PROFIT,ENTRY_CAUTION_GROUP,過熱 OVERHEATED,0.00,30.45,OVERHEATED;追高,watchlist,reports/report_20260603.html
2026-06-03,5490,同亨,BUY,BUY_GROUP,,0.00,30.45,,market,reports/report_20260603.html
2026-06-03,6120,達運,BUY,BUY_GROUP,,0.00,16.10,,market,reports/report_20260603.html
2026-06-03,6152,百一,WAIT,WATCH_GROUP,未就緒 NOT_READY,0.00,15.80,NOT_READY,watchlist,reports/report_20260603.html
2026-06-03,6152,百一,BUY,BUY_GROUP,,0.00,15.80,,market,reports/report_20260603.html
2026-06-03,6164,華興,BUY,BUY_GROUP,,0.00,13.55,,market,reports/report_20260603.html
2026-06-03,6270,倍微,BUY,BUY_GROUP,,0.00,29.35,,market,reports/report_20260603.html
2026-06-03,6270,倍微,WAIT,WATCH_GROUP,未就緒 NOT_READY,0.00,29.35,NOT_READY,watchlist,reports/report_20260603.html
2026-06-03,8936,KUO TOONG INTERNATIONAL,BUY,BUY_GROUP,,0.00,54.70,,market,reports/report_20260603.html
2026-06-03,9945,潤泰新,BUY,BUY_GROUP,,0.00,24.55,,market,reports/report_20260603.html
2026-06-03,9958,世紀鋼,BUY,BUY_GROUP,,0.00,107.00,,market,reports/report_20260603.html
2026-06-04,1104,環泥,WATCH_CLOSELY,WATCH_GROUP,築底 BASE_BUILDING,77.00,29.25,BASE_BUILDING,watchlist,reports/report_20260604.html
2026-06-04,1210,大成,BUY,BUY_GROUP,,0.00,54.20,,market,reports/report_20260604.html
2026-06-04,1210,大成,WATCH_CLOSELY,WATCH_GROUP,築底 BASE_BUILDING,55.00,54.20,BASE_BUILDING,watchlist,reports/report_20260604.html
2026-06-04,1216,統一,WAIT,WATCH_GROUP,未就緒 NOT_READY,39.00,73.60,NOT_READY;上影;收弱,watchlist,reports/report_20260604.html
2026-06-04,1312,國喬,TAKE_PROFIT,ENTRY_CAUTION_GROUP,過熱 OVERHEATED,28.00,14.20,OVERHEATED;追高,watchlist,reports/report_20260604.html
2026-06-04,1313,聯成,WAIT,WATCH_GROUP,未就緒 NOT_READY,42.00,11.40,NOT_READY;上影;收弱,watchlist,reports/report_20260604.html
2026-06-04,1325,恆大,WATCH_CLOSELY,WATCH_GROUP,築底 BASE_BUILDING,54.00,27.35,BASE_BUILDING,watchlist,reports/report_20260604.html
2026-06-04,1464,得力,WATCH_CLOSELY,WATCH_GROUP,築底 BASE_BUILDING,52.00,10.70,BASE_BUILDING,watchlist,reports/report_20260604.html
2026-06-04,1503,士電,TAKE_PROFIT,ENTRY_CAUTION_GROUP,過熱 OVERHEATED,48.00,268.00,OVERHEATED;追高,watchlist,reports/report_20260604.html
2026-06-04,1504,東元,WATCH_CLOSELY,WATCH_GROUP,主升 MAIN_RUN,63.00,87.00,MAIN_RUN,watchlist,reports/report_20260604.html
2026-06-04,1504,東元,TAKE PROFIT,REDUCE_GROUP,,0.00,87.00,,positions,reports/report_20260604.html
2026-06-04,1513,中興電,TAKE_PROFIT,ENTRY_CAUTION_GROUP,過熱 OVERHEATED,47.00,187.00,OVERHEATED;追高,watchlist,reports/report_20260604.html
2026-06-04,1519,華城,TAKE_PROFIT,ENTRY_CAUTION_GROUP,過熱 OVERHEATED,41.00,910.00,OVERHEATED;追高,watchlist,reports/report_20260604.html
2026-06-04,1528,恩德,WAIT,WATCH_GROUP,未就緒 NOT_READY,35.00,29.00,NOT_READY;上影;收弱,watchlist,reports/report_20260604.html
2026-06-04,1605,華新,HOLD,WATCH_GROUP,,0.00,41.60,,positions,reports/report_20260604.html
2026-06-04,1609,大亞,TAKE_PROFIT,ENTRY_CAUTION_GROUP,過熱 OVERHEATED,60.00,43.00,OVERHEATED;追高,watchlist,reports/report_20260604.html
2026-06-04,1611,中電,TAKE_PROFIT,ENTRY_CAUTION_GROUP,過熱 OVERHEATED,39.00,15.00,OVERHEATED;追高,watchlist,reports/report_20260604.html
2026-06-04,1612,宏泰,TAKE_PROFIT,ENTRY_CAUTION_GROUP,過熱 OVERHEATED,52.00,40.65,OVERHEATED;追高,watchlist,reports/report_20260604.html
2026-06-04,1616,億泰,WAIT,WATCH_GROUP,未就緒 NOT_READY,60.00,24.95,NOT_READY,watchlist,reports/report_20260604.html
2026-06-04,1708,東鹼,TAKE_PROFIT,ENTRY_CAUTION_GROUP,過熱 OVERHEATED,40.00,47.65,OVERHEATED;追高,watchlist,reports/report_20260604.html
2026-06-04,1709,和益,TAKE_PROFIT,ENTRY_CAUTION_GROUP,過熱 OVERHEATED,59.00,20.70,OVERHEATED;追高,watchlist,reports/report_20260604.html
2026-06-04,1710,東華,HOLD,WATCH_GROUP,,0.00,15.40,,positions,reports/report_20260604.html
2026-06-04,1714,和桐,TAKE_PROFIT,ENTRY_CAUTION_GROUP,過熱 OVERHEATED,39.00,12.10,OVERHEATED;追高,watchlist,reports/report_20260604.html
2026-06-04,1802,台玻,WAIT,WATCH_GROUP,未就緒 NOT_READY,31.00,68.90,NOT_READY;上影;收弱,watchlist,reports/report_20260604.html
2026-06-04,1809,中釉,TAKE_PROFIT,ENTRY_CAUTION_GROUP,過熱 OVERHEATED,28.00,58.50,OVERHEATED;追高,watchlist,reports/report_20260604.html
2026-06-04,1809,中釉,REDUCE,REDUCE_GROUP,,0.00,58.50,,positions,reports/report_20260604.html
2026-06-04,1904,正隆,WATCH_CLOSELY,WATCH_GROUP,主升 MAIN_RUN,67.00,22.30,MAIN_RUN,watchlist,reports/report_20260604.html
2026-06-04,1905,華紙,WAIT,WATCH_GROUP,未就緒 NOT_READY,60.00,14.00,NOT_READY,watchlist,reports/report_20260604.html
2026-06-04,2009,第一銅,HOLD,WATCH_GROUP,,0.00,44.50,,positions,reports/report_20260604.html
2026-06-04,2069,運錩,WAIT,WATCH_GROUP,未就緒 NOT_READY,49.00,19.85,NOT_READY,watchlist,reports/report_20260604.html
2026-06-04,2072,世紀風電,WAIT,WATCH_GROUP,未就緒 NOT_READY,44.00,199.00,NOT_READY,watchlist,reports/report_20260604.html
2026-06-04,2103,台橡,WAIT,WATCH_GROUP,未就緒 NOT_READY,47.00,22.25,NOT_READY,watchlist,reports/report_20260604.html
2026-06-04,2108,南帝,WATCH_CLOSELY,WATCH_GROUP,主升 MAIN_RUN,48.00,30.90,MAIN_RUN,watchlist,reports/report_20260604.html
2026-06-04,2201,裕隆,WAIT,WATCH_GROUP,未就緒 NOT_READY,44.00,28.80,NOT_READY;上影;收弱,watchlist,reports/report_20260604.html
2026-06-04,2243,宏旭-KY,BUY,BUY_GROUP,,0.00,29.65,,market,reports/report_20260604.html
2026-06-04,2303,聯電,REDUCE,REDUCE_GROUP,,0.00,125.00,,positions,reports/report_20260604.html
2026-06-04,2314,台揚,WATCH_CLOSELY,WATCH_GROUP,主升 MAIN_RUN,58.00,16.75,MAIN_RUN;族群轉弱,watchlist,reports/report_20260604.html
2026-06-04,2356,英業達,SELL,REDUCE_GROUP,,0.00,77.80,,positions,reports/report_20260604.html
2026-06-04,2364,倫飛,TAKE_PROFIT,ENTRY_CAUTION_GROUP,過熱 OVERHEATED,40.00,80.60,OVERHEATED;追高,watchlist,reports/report_20260604.html
2026-06-04,2371,大同,TAKE_PROFIT,ENTRY_CAUTION_GROUP,過熱 OVERHEATED,54.00,32.05,OVERHEATED;追高,watchlist,reports/report_20260604.html
2026-06-04,2390,云辰,TAKE_PROFIT,ENTRY_CAUTION_GROUP,過熱 OVERHEATED,40.00,13.10,OVERHEATED;追高,watchlist,reports/report_20260604.html
2026-06-04,2421,建準,WAIT,WATCH_GROUP,未就緒 NOT_READY,44.00,168.50,NOT_READY;上影;收弱,watchlist,reports/report_20260604.html
2026-06-04,2442,新美齊,WAIT,WATCH_GROUP,未就緒 NOT_READY,45.00,19.60,NOT_READY,watchlist,reports/report_20260604.html
2026-06-04,2451,創見,WATCH_CLOSELY,WATCH_GROUP,主升 MAIN_RUN,38.00,357.00,MAIN_RUN;上影;收弱,watchlist,reports/report_20260604.html
2026-06-04,2457,飛宏,TAKE_PROFIT,ENTRY_CAUTION_GROUP,過熱 OVERHEATED,55.00,32.05,OVERHEATED;追高,watchlist,reports/report_20260604.html
2026-06-04,2468,華經,TAKE_PROFIT,ENTRY_CAUTION_GROUP,過熱 OVERHEATED,39.00,44.75,OVERHEATED;追高,watchlist,reports/report_20260604.html
2026-06-04,2483,百容,WATCH_CLOSELY,WATCH_GROUP,主升 MAIN_RUN,48.00,27.70,MAIN_RUN,watchlist,reports/report_20260604.html
2026-06-04,2491,吉祥全,TAKE_PROFIT,ENTRY_CAUTION_GROUP,過熱 OVERHEATED,33.00,34.00,OVERHEATED;追高,watchlist,reports/report_20260604.html
2026-06-04,2493,揚博,WATCH_CLOSELY,WATCH_GROUP,主升 MAIN_RUN,48.00,177.50,MAIN_RUN,watchlist,reports/report_20260604.html
2026-06-04,2607,榮運,WAIT,WATCH_GROUP,未就緒 NOT_READY,44.00,49.30,NOT_READY;上影;收弱,watchlist,reports/report_20260604.html
2026-06-04,2801,彰銀,PREPARE_ENTRY,BUY_GROUP,突破前 PRE_BREAKOUT,69.00,21.40,PRE_BREAKOUT,watchlist,reports/report_20260604.html
2026-06-04,2820,華票,WATCH,WATCH_GROUP,,0.00,17.15,,positions,reports/report_20260604.html
2026-06-04,2820,華票,PREPARE_ENTRY,BUY_GROUP,突破前 PRE_BREAKOUT,64.00,17.15,PRE_BREAKOUT;上影;收弱,watchlist,reports/report_20260604.html
2026-06-04,2836,高雄銀,BUY,BUY_GROUP,,0.00,12.20,,market,reports/report_20260604.html
2026-06-04,2836,高雄銀,PREPARE_ENTRY,BUY_GROUP,突破前 PRE_BREAKOUT,77.00,12.20,PRE_BREAKOUT,watchlist,reports/report_20260604.html
2026-06-04,2855,統一證,WATCH_CLOSELY,WATCH_GROUP,主升 MAIN_RUN,64.00,55.50,MAIN_RUN,watchlist,reports/report_20260604.html
2026-06-04,2883,開發金,TAKE_PROFIT,ENTRY_CAUTION_GROUP,過熱 OVERHEATED,59.00,27.40,OVERHEATED;追高,watchlist,reports/report_20260604.html
2026-06-04,2884,玉山金,PREPARE_ENTRY,BUY_GROUP,突破前 PRE_BREAKOUT,81.00,33.45,PRE_BREAKOUT,watchlist,reports/report_20260604.html
2026-06-04,2887,新光,WATCH,WATCH_GROUP,,0.00,28.55,,positions,reports/report_20260604.html
2026-06-04,2889,國票金,WATCH_CLOSELY,WATCH_GROUP,築底 BASE_BUILDING,53.00,15.15,BASE_BUILDING,watchlist,reports/report_20260604.html
2026-06-04,2903,遠百,PREPARE_ENTRY,BUY_GROUP,突破前 PRE_BREAKOUT,66.00,22.95,PRE_BREAKOUT,watchlist,reports/report_20260604.html
2026-06-04,3015,全漢,TAKE_PROFIT,ENTRY_CAUTION_GROUP,過熱 OVERHEATED,54.00,62.70,OVERHEATED;追高,watchlist,reports/report_20260604.html
2026-06-04,3027,盛達,TAKE_PROFIT,ENTRY_CAUTION_GROUP,過熱 OVERHEATED,39.00,24.25,OVERHEATED;追高,watchlist,reports/report_20260604.html
2026-06-04,3049,精金,TAKE_PROFIT,ENTRY_CAUTION_GROUP,過熱 OVERHEATED,36.00,17.30,OVERHEATED;追高,watchlist,reports/report_20260604.html
2026-06-04,3050,鈺德,WAIT,WATCH_GROUP,未就緒 NOT_READY,35.00,13.60,NOT_READY;上影;收弱,watchlist,reports/report_20260604.html
2026-06-04,3066,TAIWAN OASIS TECHNOLOGY CO,WATCH_CLOSELY,WATCH_GROUP,主升 MAIN_RUN,45.00,23.95,MAIN_RUN,watchlist,reports/report_20260604.html
2026-06-04,3114,HOWTECH TECHNOLOGY,TAKE_PROFIT,ENTRY_CAUTION_GROUP,過熱 OVERHEATED,39.00,40.60,OVERHEATED;追高,watchlist,reports/report_20260604.html
2026-06-04,3147,JETWELL COMPUTER CO,TAKE_PROFIT,ENTRY_CAUTION_GROUP,過熱 OVERHEATED,39.00,266.50,OVERHEATED;追高,watchlist,reports/report_20260604.html
2026-06-04,3290,DONPON PRECISION INC,WAIT,WATCH_GROUP,未就緒 NOT_READY,58.00,50.10,NOT_READY,watchlist,reports/report_20260604.html
2026-06-04,3312,弘憶股,TAKE_PROFIT,ENTRY_CAUTION_GROUP,過熱 OVERHEATED,39.00,73.20,OVERHEATED;追高,watchlist,reports/report_20260604.html
2026-06-04,3362,ABILITY OPTO-ELECTRONICS TECHNO,TAKE_PROFIT,ENTRY_CAUTION_GROUP,過熱 OVERHEATED,34.00,144.00,OVERHEATED;追高,watchlist,reports/report_20260604.html
2026-06-04,3504,揚明光,WAIT,WATCH_GROUP,未就緒 NOT_READY,31.00,80.50,NOT_READY;上影;收弱,watchlist,reports/report_20260604.html
2026-06-04,3511,SIMULA TECHNOLOGY INC.,TAKE_PROFIT,ENTRY_CAUTION_GROUP,過熱 OVERHEATED,32.00,27.00,OVERHEATED;追高,watchlist,reports/report_20260604.html
2026-06-04,3550,聯穎,WAIT,WATCH_GROUP,未就緒 NOT_READY,51.00,23.95,NOT_READY,watchlist,reports/report_20260604.html
2026-06-04,3691,GIGASOLAR MATERIALS CORPORATION,WATCH_CLOSELY,WATCH_GROUP,主升 MAIN_RUN,44.00,164.50,MAIN_RUN;上影;收弱,watchlist,reports/report_20260604.html
2026-06-04,3706,神達,WAIT,WATCH_GROUP,未就緒 NOT_READY,42.00,93.90,NOT_READY;上影;收弱,watchlist,reports/report_20260604.html
2026-06-04,4105,TTY BIOPHARM COMPANY LIMITED,BUY,BUY_GROUP,,0.00,74.60,,market,reports/report_20260604.html
2026-06-04,4105,TTY BIOPHARM COMPANY LIMITED,WAIT,WATCH_GROUP,未就緒 NOT_READY,47.00,74.60,NOT_READY,watchlist,reports/report_20260604.html
2026-06-04,4147,TAIMED BIOLOGICS INC.,WATCH_CLOSELY,WATCH_GROUP,主升 MAIN_RUN,48.00,58.60,MAIN_RUN,watchlist,reports/report_20260604.html
2026-06-04,4167,SAVIOR LIFETEC CORPORATION,WAIT,WATCH_GROUP,未就緒 NOT_READY,57.00,20.55,NOT_READY,watchlist,reports/report_20260604.html
2026-06-04,4532,睿智,WATCH,WATCH_GROUP,,0.00,25.40,,positions,reports/report_20260604.html
2026-06-04,4532,睿智,WAIT,WATCH_GROUP,未就緒 NOT_READY,57.00,25.40,NOT_READY,watchlist,reports/report_20260604.html
2026-06-04,4720,德淵,WAIT,WATCH_GROUP,未就緒 NOT_READY,51.00,29.70,NOT_READY,watchlist,reports/report_20260604.html
2026-06-04,4763,材料*-KY,WAIT,WATCH_GROUP,未就緒 NOT_READY,57.00,44.75,NOT_READY,watchlist,reports/report_20260604.html
2026-06-04,4807,日成-KY,TAKE_PROFIT,ENTRY_CAUTION_GROUP,過熱 OVERHEATED,39.00,35.35,OVERHEATED;追高,watchlist,reports/report_20260604.html
2026-06-04,4904,遠傳,WAIT,WATCH_GROUP,未就緒 NOT_READY,54.00,102.00,NOT_READY,watchlist,reports/report_20260604.html
2026-06-04,4967,十銓,WAIT,WATCH_GROUP,未就緒 NOT_READY,53.00,302.00,NOT_READY;上影;收弱,watchlist,reports/report_20260604.html
2026-06-04,5213,YEASHIN INTERNATIONAL DEVELOPME,TAKE_PROFIT,ENTRY_CAUTION_GROUP,過熱 OVERHEATED,52.00,26.95,OVERHEATED;追高,watchlist,reports/report_20260604.html
2026-06-04,5381,SPECTRUM ELECTRICS CORPORATION,TAKE_PROFIT,ENTRY_CAUTION_GROUP,過熱 OVERHEATED,37.00,30.25,OVERHEATED;追高,watchlist,reports/report_20260604.html
2026-06-04,5452,UNIC TECHNOLOGY CORP.,TAKE_PROFIT,ENTRY_CAUTION_GROUP,過熱 OVERHEATED,44.00,36.15,OVERHEATED;追高,watchlist,reports/report_20260604.html
2026-06-04,5452,UNIC TECHNOLOGY CORP.,BUY,BUY_GROUP,,0.00,36.15,,market,reports/report_20260604.html
2026-06-04,5508,YUNSHIN CONSTRUCTION &amp;amp;amp; DEVELOPM,TAKE_PROFIT,ENTRY_CAUTION_GROUP,過熱 OVERHEATED,34.00,54.60,OVERHEATED;追高,watchlist,reports/report_20260604.html
2026-06-04,5530,LUNGYEN LIFE SERVICE CO LTD,TAKE_PROFIT,ENTRY_CAUTION_GROUP,過熱 OVERHEATED,38.00,54.80,OVERHEATED;追高,watchlist,reports/report_20260604.html
2026-06-04,5880,合庫,WATCH,WATCH_GROUP,,0.00,23.70,,positions,reports/report_20260604.html
2026-06-04,6112,邁達特,WAIT,WATCH_GROUP,未就緒 NOT_READY,45.00,47.70,NOT_READY;上影;收弱,watchlist,reports/report_20260604.html
2026-06-04,6126,SINGATRON ENTERPRISE CO,WATCH_CLOSELY,WATCH_GROUP,主升 MAIN_RUN,44.00,43.00,MAIN_RUN,watchlist,reports/report_20260604.html
2026-06-04,6133,金橋,WAIT,WATCH_GROUP,未就緒 NOT_READY,48.00,24.80,NOT_READY,watchlist,reports/report_20260604.html
2026-06-04,6148,AZION CORPORATION,TAKE_PROFIT,ENTRY_CAUTION_GROUP,過熱 OVERHEATED,45.00,37.25,OVERHEATED;追高,watchlist,reports/report_20260604.html
2026-06-04,6269,台郡,WAIT,WATCH_GROUP,未就緒 NOT_READY,35.00,71.50,NOT_READY;上影;收弱,watchlist,reports/report_20260604.html
2026-06-04,6270,PROFESSIONAL COMPUTER TECHNOLOG,WAIT,WATCH_GROUP,未就緒 NOT_READY,57.00,29.65,NOT_READY,watchlist,reports/report_20260604.html
2026-06-04,6465,ATRACK TECHNOLOGY INC,WATCH_CLOSELY,WATCH_GROUP,主升 MAIN_RUN,48.00,58.00,MAIN_RUN,watchlist,reports/report_20260604.html
2026-06-04,6465,ATRACK TECHNOLOGY INC,BUY,BUY_GROUP,,0.00,58.00,,market,reports/report_20260604.html
2026-06-04,6547,MEDIGEN VACCINE BIOLOGICS CORPO,WAIT,WATCH_GROUP,未就緒 NOT_READY,44.00,49.85,NOT_READY,watchlist,reports/report_20260604.html
2026-06-04,6869,雲豹能源,TAKE_PROFIT,ENTRY_CAUTION_GROUP,過熱 OVERHEATED,41.00,88.20,OVERHEATED;追高,watchlist,reports/report_20260604.html
2026-06-04,6890,來億-KY,TAKE_PROFIT,ENTRY_CAUTION_GROUP,過熱 OVERHEATED,39.00,231.50,OVERHEATED;追高,watchlist,reports/report_20260604.html
2026-06-04,6907,ARTERY TECHNOLOGY CORPORATION,TAKE_PROFIT,ENTRY_CAUTION_GROUP,過熱 OVERHEATED,37.00,154.00,OVERHEATED;追高,watchlist,reports/report_20260604.html
2026-06-04,7788,松川精密,TAKE_PROFIT,ENTRY_CAUTION_GROUP,過熱 OVERHEATED,36.00,204.00,OVERHEATED;追高,watchlist,reports/report_20260604.html
2026-06-04,7827,漢康-KY創,TAKE_PROFIT,ENTRY_CAUTION_GROUP,過熱 OVERHEATED,44.00,161.50,OVERHEATED;追高,watchlist,reports/report_20260604.html
2026-06-04,8085,FORWARD ELECTRONICS CO,TAKE_PROFIT,ENTRY_CAUTION_GROUP,過熱 OVERHEATED,36.00,16.10,OVERHEATED;追高,watchlist,reports/report_20260604.html
2026-06-04,8112,至上,WAIT,WATCH_GROUP,未就緒 NOT_READY,50.00,95.60,NOT_READY;上影;收弱,watchlist,reports/report_20260604.html
2026-06-04,8415,BRIGHTON-BEST INTERNATION (TAIW,WAIT,WATCH_GROUP,未就緒 NOT_READY,38.00,35.40,NOT_READY;上影;收弱,watchlist,reports/report_20260604.html
2026-06-04,8454,富邦媒,TAKE_PROFIT,ENTRY_CAUTION_GROUP,過熱 OVERHEATED,39.00,321.00,OVERHEATED;追高,watchlist,reports/report_20260604.html
2026-06-04,8936,KUO TOONG INTERNATIONAL,WAIT,WATCH_GROUP,未就緒 NOT_READY,47.00,60.10,NOT_READY,watchlist,reports/report_20260604.html
2026-06-04,9136,巨騰-DR,TAKE_PROFIT,ENTRY_CAUTION_GROUP,過熱 OVERHEATED,39.00,16.05,OVERHEATED;追高,watchlist,reports/report_20260604.html
2026-06-04,9904,寶成,WAIT,WATCH_GROUP,未就緒 NOT_READY,33.00,26.40,NOT_READY;上影;收弱,watchlist,reports/report_20260604.html
2026-06-04,9914,美利達,PULLBACK_BUY,BUY_GROUP,主升 MAIN_RUN,47.00,68.60,MAIN_RUN;上影;收弱,watchlist,reports/report_20260604.html
2026-06-04,9941,裕融,TAKE_PROFIT,ENTRY_CAUTION_GROUP,過熱 OVERHEATED,35.00,82.00,OVERHEATED;追高,watchlist,reports/report_20260604.html
2026-06-04,9945,潤泰新,WAIT,WATCH_GROUP,未就緒 NOT_READY,51.00,25.20,NOT_READY,watchlist,reports/report_20260604.html
2026-06-04,9958,世紀鋼,WAIT,WATCH_GROUP,未就緒 NOT_READY,68.00,117.50,NOT_READY,watchlist,reports/report_20260604.html
2026-06-04,9958,世紀鋼,BUY,BUY_GROUP,,0.00,117.50,,market,reports/report_20260604.html
2026-06-05,1210,大成,BUY,BUY_GROUP,,0.00,54.40,,market,reports/report_20260605.html
2026-06-05,1210,大成,TAKE_PROFIT,ENTRY_CAUTION_GROUP,過熱 OVERHEATED,65.00,54.40,OVERHEATED;追高,watchlist,reports/report_20260605.html
2026-06-05,1216,統一,WAIT,WATCH_GROUP,未就緒 NOT_READY,38.00,73.80,NOT_READY;上影;收弱,watchlist,reports/report_20260605.html
2026-06-05,1218,泰山,WATCH_CLOSELY,WATCH_GROUP,築底 BASE_BUILDING,57.00,19.35,BASE_BUILDING;上影;收弱,watchlist,reports/report_20260605.html
2026-06-05,1504,東元,REDUCE,REDUCE_GROUP,,0.00,78.40,,positions,reports/report_20260605.html
2026-06-05,1605,華新,REDUCE,REDUCE_GROUP,,0.00,39.55,,positions,reports/report_20260605.html
2026-06-05,1708,東鹼,TAKE_PROFIT,ENTRY_CAUTION_GROUP,過熱 OVERHEATED,40.00,49.10,OVERHEATED;追高,watchlist,reports/report_20260605.html
2026-06-05,1710,東華,REDUCE,REDUCE_GROUP,,0.00,15.70,,positions,reports/report_20260605.html
2026-06-05,1722,台肥,WAIT,WATCH_GROUP,未就緒 NOT_READY,51.00,48.25,NOT_READY,watchlist,reports/report_20260605.html
2026-06-05,1809,中釉,HOLD,WATCH_GROUP,,0.00,59.60,,positions,reports/report_20260605.html
2026-06-05,1810,和成,WATCH_CLOSELY,WATCH_GROUP,主升 MAIN_RUN,47.00,22.60,MAIN_RUN,watchlist,reports/report_20260605.html
2026-06-05,1907,永豐餘,WAIT,WATCH_GROUP,未就緒 NOT_READY,45.00,26.05,NOT_READY;上影;收弱,watchlist,reports/report_20260605.html
2026-06-05,1909,榮成,WAIT,WATCH_GROUP,未就緒 NOT_READY,49.00,9.74,NOT_READY,watchlist,reports/report_20260605.html
2026-06-05,2009,第一銅,WAIT,WATCH_GROUP,未就緒 NOT_READY,50.00,42.00,NOT_READY;上影;收弱,watchlist,reports/report_20260605.html
2026-06-05,2009,第一銅,WATCH,WATCH_GROUP,,0.00,42.00,,positions,reports/report_20260605.html
2026-06-05,2025,千興,BUY,BUY_GROUP,,0.00,13.40,,market,reports/report_20260605.html
2026-06-05,2025,千興,WATCH_CLOSELY,WATCH_GROUP,主升 MAIN_RUN,51.00,13.40,MAIN_RUN,watchlist,reports/report_20260605.html
2026-06-05,2103,台橡,WAIT,WATCH_GROUP,未就緒 NOT_READY,38.00,21.70,NOT_READY,watchlist,reports/report_20260605.html
2026-06-05,2108,南帝,WAIT,WATCH_GROUP,未就緒 NOT_READY,47.00,32.15,NOT_READY,watchlist,reports/report_20260605.html
2026-06-05,2221,TACHIA YUNG HO MACHINE INDUSTRY,BUY,BUY_GROUP,,0.00,46.80,,market,reports/report_20260605.html
2026-06-05,2221,TACHIA YUNG HO MACHINE INDUSTRY,WATCH_CLOSELY,WATCH_GROUP,主升 MAIN_RUN,48.00,46.80,MAIN_RUN,watchlist,reports/report_20260605.html
2026-06-05,2303,聯電,REDUCE,REDUCE_GROUP,,0.00,131.50,,positions,reports/report_20260605.html
2026-06-05,2356,英業達,REDUCE,REDUCE_GROUP,,0.00,76.80,,positions,reports/report_20260605.html
2026-06-05,2442,新美齊,WAIT,WATCH_GROUP,未就緒 NOT_READY,45.00,19.90,NOT_READY,watchlist,reports/report_20260605.html
2026-06-05,2461,光群雷,WATCH_CLOSELY,WATCH_GROUP,主升 MAIN_RUN,48.00,19.50,MAIN_RUN,watchlist,reports/report_20260605.html
2026-06-05,2474,可成,WAIT,WATCH_GROUP,未就緒 NOT_READY,35.00,230.50,NOT_READY;上影;收弱,watchlist,reports/report_20260605.html
2026-06-05,2483,百容,TAKE_PROFIT,ENTRY_CAUTION_GROUP,過熱 OVERHEATED,39.00,30.45,OVERHEATED;追高,watchlist,reports/report_20260605.html
2026-06-05,2504,國產,WATCH_CLOSELY,WATCH_GROUP,築底 BASE_BUILDING,58.00,36.30,BASE_BUILDING,watchlist,reports/report_20260605.html
2026-06-05,2504,國產,BUY,BUY_GROUP,,0.00,36.30,,market,reports/report_20260605.html
2026-06-05,2528,皇普,WAIT,WATCH_GROUP,未就緒 NOT_READY,44.00,23.35,NOT_READY,watchlist,reports/report_20260605.html
2026-06-05,2535,達欣工,PREPARE_ENTRY,BUY_GROUP,突破前 PRE_BREAKOUT,72.00,83.40,PRE_BREAKOUT,watchlist,reports/report_20260605.html
2026-06-05,2542,興富發,WAIT,WATCH_GROUP,未就緒 NOT_READY,43.00,43.00,NOT_READY;上影;收弱,watchlist,reports/report_20260605.html
2026-06-05,2543,皇昌,WATCH_CLOSELY,WATCH_GROUP,主升 MAIN_RUN,48.00,49.30,MAIN_RUN,watchlist,reports/report_20260605.html
2026-06-05,2547,日勝生,WAIT,WATCH_GROUP,未就緒 NOT_READY,52.00,10.50,NOT_READY,watchlist,reports/report_20260605.html
2026-06-05,2597,潤弘,WATCH_CLOSELY,WATCH_GROUP,主升 MAIN_RUN,64.00,184.50,MAIN_RUN,watchlist,reports/report_20260605.html
2026-06-05,2611,志信,WAIT,WATCH_GROUP,未就緒 NOT_READY,58.00,14.15,NOT_READY,watchlist,reports/report_20260605.html
2026-06-05,2615,萬海,WAIT,WATCH_GROUP,未就緒 NOT_READY,67.00,86.10,NOT_READY,watchlist,reports/report_20260605.html
2026-06-05,2637,慧洋-KY,BUY,BUY_GROUP,,0.00,80.60,,market,reports/report_20260605.html
2026-06-05,2637,慧洋-KY,TAKE_PROFIT,ENTRY_CAUTION_GROUP,過熱 OVERHEATED,44.00,80.60,OVERHEATED;追高,watchlist,reports/report_20260605.html
2026-06-05,2820,華票,WATCH,WATCH_GROUP,,0.00,17.20,,positions,reports/report_20260605.html
2026-06-05,2836,高雄銀,PREPARE_ENTRY,BUY_GROUP,突破前 PRE_BREAKOUT,67.00,12.05,PRE_BREAKOUT;量不足,watchlist,reports/report_20260605.html
2026-06-05,2855,統一證,WATCH_CLOSELY,WATCH_GROUP,主升 MAIN_RUN,67.00,59.10,MAIN_RUN,watchlist,reports/report_20260605.html
2026-06-05,2880,華南金,WAIT,WATCH_GROUP,未就緒 NOT_READY,35.00,34.80,NOT_READY;上影;收弱,watchlist,reports/report_20260605.html
2026-06-05,2883,開發金,TAKE_PROFIT,ENTRY_CAUTION_GROUP,過熱 OVERHEATED,55.00,27.60,OVERHEATED;追高,watchlist,reports/report_20260605.html
2026-06-05,2887,新光,HOLD,WATCH_GROUP,,0.00,28.60,,positions,reports/report_20260605.html
2026-06-05,2889,國票金,WATCH_CLOSELY,WATCH_GROUP,築底 BASE_BUILDING,52.00,15.05,BASE_BUILDING,watchlist,reports/report_20260605.html
2026-06-05,2897,王道銀行,PREPARE_ENTRY,BUY_GROUP,突破前 PRE_BREAKOUT,63.00,10.30,PRE_BREAKOUT;量不足,watchlist,reports/report_20260605.html
2026-06-05,2903,遠百,PREPARE_ENTRY,BUY_GROUP,突破前 PRE_BREAKOUT,66.00,23.50,PRE_BREAKOUT,watchlist,reports/report_20260605.html
2026-06-05,2912,統一超,WAIT,WATCH_GROUP,未就緒 NOT_READY,31.00,232.00,NOT_READY;上影;收弱,watchlist,reports/report_20260605.html
2026-06-05,3015,全漢,TAKE_PROFIT,ENTRY_CAUTION_GROUP,過熱 OVERHEATED,51.00,68.90,OVERHEATED;追高,watchlist,reports/report_20260605.html
2026-06-05,3019,亞光,TAKE_PROFIT,ENTRY_CAUTION_GROUP,過熱 OVERHEATED,41.00,152.50,OVERHEATED;追高,watchlist,reports/report_20260605.html
2026-06-05,3023,信邦,WATCH_CLOSELY,WATCH_GROUP,築底 BASE_BUILDING,80.00,329.00,BASE_BUILDING,watchlist,reports/report_20260605.html
2026-06-05,3056,富華新,WAIT,WATCH_GROUP,未就緒 NOT_READY,35.00,14.30,NOT_READY;上影;收弱,watchlist,reports/report_20260605.html
2026-06-05,3114,HOWTECH TECHNOLOGY,TAKE_PROFIT,ENTRY_CAUTION_GROUP,過熱 OVERHEATED,39.00,44.65,OVERHEATED;追高,watchlist,reports/report_20260605.html
2026-06-05,3213,CRETE SYSTEMS INC,WATCH_CLOSELY,WATCH_GROUP,主升 MAIN_RUN,47.00,139.00,MAIN_RUN,watchlist,reports/report_20260605.html
2026-06-05,3311,閎暉,TAKE_PROFIT,ENTRY_CAUTION_GROUP,過熱 OVERHEATED,31.00,39.75,OVERHEATED;追高,watchlist,reports/report_20260605.html
2026-06-05,3322,JOINSOON ELECTROINCS MFG CO,WAIT,WATCH_GROUP,未就緒 NOT_READY,44.00,14.25,NOT_READY;上影;收弱,watchlist,reports/report_20260605.html
2026-06-05,3363,上詮,WAIT,WATCH_GROUP,未就緒 NOT_READY,68.00,908.00,NOT_READY,watchlist,reports/report_20260605.html
2026-06-05,3376,新日興,WATCH_CLOSELY,WATCH_GROUP,主升 MAIN_RUN,51.00,237.00,MAIN_RUN,watchlist,reports/report_20260605.html
2026-06-05,3441,UNIQUE OPTO-ELECTRONICS CO LTD,WATCH_CLOSELY,WATCH_GROUP,主升 MAIN_RUN,48.00,60.20,MAIN_RUN,watchlist,reports/report_20260605.html
2026-06-05,3548,JARLLYTEC CO. LTD.,BUY,BUY_GROUP,,0.00,104.50,,market,reports/report_20260605.html
2026-06-05,3550,聯穎,WAIT,WATCH_GROUP,未就緒 NOT_READY,48.00,24.05,NOT_READY,watchlist,reports/report_20260605.html
2026-06-05,3622,洋華,WAIT,WATCH_GROUP,未就緒 NOT_READY,44.00,59.10,NOT_READY;上影;收弱,watchlist,reports/report_20260605.html
2026-06-05,3630,NEWMAX TECHNOLOGY CO LTD,TAKE_PROFIT,ENTRY_CAUTION_GROUP,過熱 OVERHEATED,44.00,29.60,OVERHEATED;追高,watchlist,reports/report_20260605.html
2026-06-05,4105,TTY BIOPHARM COMPANY LIMITED,BUY,BUY_GROUP,,0.00,75.50,,market,reports/report_20260605.html
2026-06-05,4123,CENTER LABORATORIES INC,WATCH_CLOSELY,WATCH_GROUP,築底 BASE_BUILDING,50.00,38.80,BASE_BUILDING;上影;收弱,watchlist,reports/report_20260605.html
2026-06-05,4532,睿智,REDUCE,REDUCE_GROUP,,0.00,24.55,,positions,reports/report_20260605.html
2026-06-05,4532,睿智,WAIT,WATCH_GROUP,未就緒 NOT_READY,44.00,24.55,NOT_READY;上影;收弱,watchlist,reports/report_20260605.html
2026-06-05,4534,TRINITY PRECISION TECHNOLOGY CO,TAKE_PROFIT,ENTRY_CAUTION_GROUP,過熱 OVERHEATED,41.00,33.15,OVERHEATED;追高,watchlist,reports/report_20260605.html
2026-06-05,4542,ASIA NEO TECH INDUSTRIAL CO. LT,WAIT,WATCH_GROUP,未就緒 NOT_READY,44.00,286.00,NOT_READY,watchlist,reports/report_20260605.html
2026-06-05,4807,日成-KY,TAKE_PROFIT,ENTRY_CAUTION_GROUP,過熱 OVERHEATED,39.00,38.50,OVERHEATED;追高,watchlist,reports/report_20260605.html
2026-06-05,5202,NEWSOFT TECHNOLOGY CORP,TAKE_PROFIT,ENTRY_CAUTION_GROUP,過熱 OVERHEATED,48.00,15.75,OVERHEATED;追高,watchlist,reports/report_20260605.html
2026-06-05,5213,YEASHIN INTERNATIONAL DEVELOPME,TAKE_PROFIT,ENTRY_CAUTION_GROUP,過熱 OVERHEATED,55.00,26.80,OVERHEATED;追高,watchlist,reports/report_20260605.html
2026-06-05,5381,SPECTRUM ELECTRICS CORPORATION,WATCH_CLOSELY,WATCH_GROUP,主升 MAIN_RUN,45.00,30.95,MAIN_RUN,watchlist,reports/report_20260605.html
2026-06-05,5426,CHENG FWA INDUSTRIAL,TAKE_PROFIT,ENTRY_CAUTION_GROUP,過熱 OVERHEATED,39.00,29.95,OVERHEATED;追高,watchlist,reports/report_20260605.html
2026-06-05,5493,SAN LIEN TECHNOLOGY CORP,WAIT,WATCH_GROUP,未就緒 NOT_READY,40.00,93.10,NOT_READY,watchlist,reports/report_20260605.html
2026-06-05,5536,ACTER GROUP CORPORATION LTD,WATCH_CLOSELY,WATCH_GROUP,主升 MAIN_RUN,44.00,1130.00,MAIN_RUN;上影;收弱,watchlist,reports/report_20260605.html
2026-06-05,5871,中租-KY,WAIT,WATCH_GROUP,未就緒 NOT_READY,52.00,118.00,NOT_READY,watchlist,reports/report_20260605.html
2026-06-05,5880,合庫,WATCH,WATCH_GROUP,,0.00,23.45,,positions,reports/report_20260605.html
2026-06-05,6112,邁達特,BUY,BUY_GROUP,,0.00,50.00,,market,reports/report_20260605.html
2026-06-05,6112,邁達特,WAIT,WATCH_GROUP,未就緒 NOT_READY,48.00,50.00,NOT_READY,watchlist,reports/report_20260605.html
2026-06-05,6139,亞翔,WAIT,WATCH_GROUP,未就緒 NOT_READY,31.00,808.00,NOT_READY;上影;收弱,watchlist,reports/report_20260605.html
2026-06-05,6152,百一,WAIT,WATCH_GROUP,未就緒 NOT_READY,38.00,15.80,NOT_READY,watchlist,reports/report_20260605.html
2026-06-05,6180,GAMANIA DIGITAL ENTERTAINMENT C,WAIT,WATCH_GROUP,未就緒 NOT_READY,57.00,43.70,NOT_READY,watchlist,reports/report_20260605.html
2026-06-05,6209,今國光,WATCH_CLOSELY,WATCH_GROUP,主升 MAIN_RUN,48.00,87.90,MAIN_RUN,watchlist,reports/report_20260605.html
2026-06-05,6209,今國光,BUY,BUY_GROUP,,0.00,87.90,,market,reports/report_20260605.html
2026-06-05,6270,PROFESSIONAL COMPUTER TECHNOLOG,WATCH_CLOSELY,WATCH_GROUP,主升 MAIN_RUN,47.00,32.60,MAIN_RUN,watchlist,reports/report_20260605.html
2026-06-05,6442,光聖,WAIT,WATCH_GROUP,未就緒 NOT_READY,54.00,2055.00,NOT_READY;上影;收弱,watchlist,reports/report_20260605.html
2026-06-05,6465,ATRACK TECHNOLOGY INC,WAIT,WATCH_GROUP,未就緒 NOT_READY,35.00,54.90,NOT_READY;上影;收弱,watchlist,reports/report_20260605.html
2026-06-05,6485,ASOLID TECHNOLOGY CO LTD,WAIT,WATCH_GROUP,未就緒 NOT_READY,35.00,112.00,NOT_READY;上影;收弱,watchlist,reports/report_20260605.html
2026-06-05,6505,台塑化,WAIT,WATCH_GROUP,未就緒 NOT_READY,51.00,55.30,NOT_READY;上影;收弱,watchlist,reports/report_20260605.html
2026-06-05,6763,Green World,WAIT,WATCH_GROUP,未就緒 NOT_READY,44.00,50.40,NOT_READY,watchlist,reports/report_20260605.html
2026-06-05,6890,來億-KY,TAKE_PROFIT,ENTRY_CAUTION_GROUP,過熱 OVERHEATED,39.00,242.50,OVERHEATED;追高,watchlist,reports/report_20260605.html
2026-06-05,6907,ARTERY TECHNOLOGY CORPORATION,TAKE_PROFIT,ENTRY_CAUTION_GROUP,過熱 OVERHEATED,36.00,169.00,OVERHEATED;追高,watchlist,reports/report_20260605.html
2026-06-05,7721,微程式,WAIT,WATCH_GROUP,未就緒 NOT_READY,49.00,78.30,NOT_READY,watchlist,reports/report_20260605.html
2026-06-05,7788,松川精密,TAKE_PROFIT,ENTRY_CAUTION_GROUP,過熱 OVERHEATED,36.00,224.00,OVERHEATED;追高,watchlist,reports/report_20260605.html
2026-06-05,7827,漢康-KY創,WAIT,WATCH_GROUP,未就緒 NOT_READY,42.00,159.50,NOT_READY,watchlist,reports/report_20260605.html
2026-06-05,8415,BRIGHTON-BEST INTERNATION (TAIW,WAIT,WATCH_GROUP,未就緒 NOT_READY,35.00,35.15,NOT_READY;上影;收弱,watchlist,reports/report_20260605.html
2026-06-05,8935,PONTEX POLYBLEND CO,WATCH_CLOSELY,WATCH_GROUP,主升 MAIN_RUN,44.00,23.75,MAIN_RUN,watchlist,reports/report_20260605.html
2026-06-05,8936,KUO TOONG INTERNATIONAL,WATCH_CLOSELY,WATCH_GROUP,主升 MAIN_RUN,47.00,62.80,MAIN_RUN,watchlist,reports/report_20260605.html
2026-06-05,9904,寶成,WAIT,WATCH_GROUP,未就緒 NOT_READY,43.00,26.45,NOT_READY;上影;收弱,watchlist,reports/report_20260605.html
2026-06-05,9946,三發地產,WAIT,WATCH_GROUP,未就緒 NOT_READY,47.00,17.15,NOT_READY,watchlist,reports/report_20260605.html
2026-06-05,9958,世紀鋼,WATCH_CLOSELY,WATCH_GROUP,主升 MAIN_RUN,65.00,121.00,MAIN_RUN,watchlist,reports/report_20260605.html
2026-06-05,9958,世紀鋼,BUY,BUY_GROUP,,0.00,121.00,,market,reports/report_20260605.html
2026-06-06,1210,大成,TAKE_PROFIT,ENTRY_CAUTION_GROUP,過熱 OVERHEATED,65.00,54.00,OVERHEATED;追高,watchlist,reports/report_20260606.html
2026-06-06,1210,大成,BUY,BUY_GROUP,,0.00,54.00,,market,reports/report_20260606.html
2026-06-06,1216,統一,WAIT,WATCH_GROUP,未就緒 NOT_READY,38.00,72.90,NOT_READY;上影;收弱,watchlist,reports/report_20260606.html
2026-06-06,1218,泰山,WATCH_CLOSELY,WATCH_GROUP,築底 BASE_BUILDING,60.00,19.40,BASE_BUILDING;上影;收弱,watchlist,reports/report_20260606.html
2026-06-06,1504,東元,REDUCE,REDUCE_GROUP,,0.00,71.60,,positions,reports/report_20260606.html
2026-06-06,1605,華新,REDUCE,REDUCE_GROUP,,0.00,35.80,,positions,reports/report_20260606.html
2026-06-06,1708,東鹼,TAKE_PROFIT,ENTRY_CAUTION_GROUP,過熱 OVERHEATED,40.00,44.20,OVERHEATED;追高,watchlist,reports/report_20260606.html
2026-06-06,1710,東華,REDUCE,REDUCE_GROUP,,0.00,14.70,,positions,reports/report_20260606.html
2026-06-06,1722,台肥,WAIT,WATCH_GROUP,未就緒 NOT_READY,51.00,47.70,NOT_READY,watchlist,reports/report_20260606.html
2026-06-06,1809,中釉,HOLD,WATCH_GROUP,,0.00,53.70,,positions,reports/report_20260606.html
2026-06-06,1810,和成,WATCH_CLOSELY,WATCH_GROUP,主升 MAIN_RUN,47.00,22.00,MAIN_RUN,watchlist,reports/report_20260606.html
2026-06-06,1907,永豐餘,WAIT,WATCH_GROUP,未就緒 NOT_READY,45.00,25.35,NOT_READY;上影;收弱,watchlist,reports/report_20260606.html
2026-06-06,1909,榮成,WAIT,WATCH_GROUP,未就緒 NOT_READY,49.00,9.56,NOT_READY,watchlist,reports/report_20260606.html
2026-06-06,2009,第一銅,WAIT,WATCH_GROUP,未就緒 NOT_READY,50.00,39.60,NOT_READY;上影;收弱,watchlist,reports/report_20260606.html
2026-06-06,2009,第一銅,WATCH,WATCH_GROUP,,0.00,39.60,,positions,reports/report_20260606.html
2026-06-06,2025,千興,WATCH_CLOSELY,WATCH_GROUP,主升 MAIN_RUN,51.00,14.70,MAIN_RUN,watchlist,reports/report_20260606.html
2026-06-06,2025,千興,BUY,BUY_GROUP,,0.00,14.70,,market,reports/report_20260606.html
2026-06-06,2103,台橡,WAIT,WATCH_GROUP,未就緒 NOT_READY,38.00,21.15,NOT_READY,watchlist,reports/report_20260606.html
2026-06-06,2108,南帝,WAIT,WATCH_GROUP,未就緒 NOT_READY,47.00,29.30,NOT_READY,watchlist,reports/report_20260606.html
2026-06-06,2221,TACHIA YUNG HO MACHINE INDUSTRY,BUY,BUY_GROUP,,0.00,43.75,,market,reports/report_20260606.html
2026-06-06,2221,TACHIA YUNG HO MACHINE INDUSTRY,WATCH_CLOSELY,WATCH_GROUP,主升 MAIN_RUN,48.00,43.75,MAIN_RUN,watchlist,reports/report_20260606.html
2026-06-06,2303,聯電,REDUCE,REDUCE_GROUP,,0.00,121.00,,positions,reports/report_20260606.html
2026-06-06,2356,英業達,REDUCE,REDUCE_GROUP,,0.00,69.20,,positions,reports/report_20260606.html
2026-06-06,2442,新美齊,WAIT,WATCH_GROUP,未就緒 NOT_READY,45.00,19.55,NOT_READY,watchlist,reports/report_20260606.html
2026-06-06,2461,光群雷,WATCH_CLOSELY,WATCH_GROUP,主升 MAIN_RUN,48.00,20.10,MAIN_RUN,watchlist,reports/report_20260606.html
2026-06-06,2474,可成,WAIT,WATCH_GROUP,未就緒 NOT_READY,38.00,220.00,NOT_READY;上影;收弱,watchlist,reports/report_20260606.html
2026-06-06,2483,百容,TAKE_PROFIT,ENTRY_CAUTION_GROUP,過熱 OVERHEATED,39.00,33.45,OVERHEATED;追高,watchlist,reports/report_20260606.html
2026-06-06,2504,國產,BUY,BUY_GROUP,,0.00,35.40,,market,reports/report_20260606.html
2026-06-06,2504,國產,WATCH_CLOSELY,WATCH_GROUP,築底 BASE_BUILDING,58.00,35.40,BASE_BUILDING,watchlist,reports/report_20260606.html
2026-06-06,2528,皇普,WAIT,WATCH_GROUP,未就緒 NOT_READY,44.00,21.65,NOT_READY,watchlist,reports/report_20260606.html
2026-06-06,2535,達欣工,PREPARE_ENTRY,BUY_GROUP,突破前 PRE_BREAKOUT,72.00,85.60,PRE_BREAKOUT,watchlist,reports/report_20260606.html
2026-06-06,2542,興富發,WAIT,WATCH_GROUP,未就緒 NOT_READY,43.00,41.90,NOT_READY;上影;收弱,watchlist,reports/report_20260606.html
2026-06-06,2543,皇昌,WATCH_CLOSELY,WATCH_GROUP,主升 MAIN_RUN,48.00,47.50,MAIN_RUN,watchlist,reports/report_20260606.html
2026-06-06,2547,日勝生,WAIT,WATCH_GROUP,未就緒 NOT_READY,52.00,10.65,NOT_READY,watchlist,reports/report_20260606.html
2026-06-06,2597,潤弘,WATCH_CLOSELY,WATCH_GROUP,主升 MAIN_RUN,64.00,184.50,MAIN_RUN,watchlist,reports/report_20260606.html
2026-06-06,2611,志信,WAIT,WATCH_GROUP,未就緒 NOT_READY,58.00,13.90,NOT_READY,watchlist,reports/report_20260606.html
2026-06-06,2615,萬海,WAIT,WATCH_GROUP,未就緒 NOT_READY,67.00,84.60,NOT_READY,watchlist,reports/report_20260606.html
2026-06-06,2637,慧洋-KY,TAKE_PROFIT,ENTRY_CAUTION_GROUP,過熱 OVERHEATED,44.00,78.50,OVERHEATED;追高,watchlist,reports/report_20260606.html
2026-06-06,2637,慧洋-KY,BUY,BUY_GROUP,,0.00,78.50,,market,reports/report_20260606.html
2026-06-06,2820,華票,WATCH,WATCH_GROUP,,0.00,16.90,,positions,reports/report_20260606.html
2026-06-06,2836,高雄銀,PREPARE_ENTRY,BUY_GROUP,突破前 PRE_BREAKOUT,67.00,11.90,PRE_BREAKOUT;量不足,watchlist,reports/report_20260606.html
2026-06-06,2855,統一證,WATCH_CLOSELY,WATCH_GROUP,主升 MAIN_RUN,67.00,53.20,MAIN_RUN,watchlist,reports/report_20260606.html
2026-06-06,2880,華南金,WAIT,WATCH_GROUP,未就緒 NOT_READY,38.00,33.50,NOT_READY;上影;收弱,watchlist,reports/report_20260606.html
2026-06-06,2883,開發金,TAKE_PROFIT,ENTRY_CAUTION_GROUP,過熱 OVERHEATED,55.00,26.75,OVERHEATED;追高,watchlist,reports/report_20260606.html
2026-06-06,2887,新光,HOLD,WATCH_GROUP,,0.00,27.75,,positions,reports/report_20260606.html
2026-06-06,2889,國票金,WATCH_CLOSELY,WATCH_GROUP,築底 BASE_BUILDING,52.00,14.70,BASE_BUILDING,watchlist,reports/report_20260606.html
2026-06-06,2897,王道銀行,PREPARE_ENTRY,BUY_GROUP,突破前 PRE_BREAKOUT,63.00,10.10,PRE_BREAKOUT;量不足,watchlist,reports/report_20260606.html
2026-06-06,2903,遠百,PREPARE_ENTRY,BUY_GROUP,突破前 PRE_BREAKOUT,66.00,22.85,PRE_BREAKOUT,watchlist,reports/report_20260606.html
2026-06-06,2912,統一超,WAIT,WATCH_GROUP,未就緒 NOT_READY,34.00,222.00,NOT_READY;上影;收弱,watchlist,reports/report_20260606.html
2026-06-06,3015,全漢,TAKE_PROFIT,ENTRY_CAUTION_GROUP,過熱 OVERHEATED,51.00,62.10,OVERHEATED;追高,watchlist,reports/report_20260606.html
2026-06-06,3019,亞光,TAKE_PROFIT,ENTRY_CAUTION_GROUP,過熱 OVERHEATED,44.00,142.00,OVERHEATED;追高,watchlist,reports/report_20260606.html
2026-06-06,3023,信邦,WATCH_CLOSELY,WATCH_GROUP,築底 BASE_BUILDING,80.00,322.50,BASE_BUILDING,watchlist,reports/report_20260606.html
2026-06-06,3056,富華新,WAIT,WATCH_GROUP,未就緒 NOT_READY,38.00,14.40,NOT_READY;上影;收弱,watchlist,reports/report_20260606.html
2026-06-06,3114,HOWTECH TECHNOLOGY,TAKE_PROFIT,ENTRY_CAUTION_GROUP,過熱 OVERHEATED,39.00,44.70,OVERHEATED;追高,watchlist,reports/report_20260606.html
2026-06-06,3213,CRETE SYSTEMS INC,WATCH_CLOSELY,WATCH_GROUP,主升 MAIN_RUN,47.00,134.50,MAIN_RUN,watchlist,reports/report_20260606.html
2026-06-06,3311,閎暉,TAKE_PROFIT,ENTRY_CAUTION_GROUP,過熱 OVERHEATED,34.00,40.50,OVERHEATED;追高,watchlist,reports/report_20260606.html
2026-06-06,3322,JOINSOON ELECTROINCS MFG CO,WAIT,WATCH_GROUP,未就緒 NOT_READY,47.00,14.25,NOT_READY;上影;收弱,watchlist,reports/report_20260606.html
2026-06-06,3363,上詮,WAIT,WATCH_GROUP,未就緒 NOT_READY,68.00,829.00,NOT_READY,watchlist,reports/report_20260606.html
2026-06-06,3376,新日興,WATCH_CLOSELY,WATCH_GROUP,主升 MAIN_RUN,51.00,236.50,MAIN_RUN,watchlist,reports/report_20260606.html
2026-06-06,3441,UNIQUE OPTO-ELECTRONICS CO LTD,WATCH_CLOSELY,WATCH_GROUP,主升 MAIN_RUN,48.00,54.60,MAIN_RUN,watchlist,reports/report_20260606.html
2026-06-06,3548,JARLLYTEC CO. LTD.,BUY,BUY_GROUP,,0.00,99.00,,market,reports/report_20260606.html
2026-06-06,3550,聯穎,WAIT,WATCH_GROUP,未就緒 NOT_READY,48.00,23.55,NOT_READY,watchlist,reports/report_20260606.html
2026-06-06,3622,洋華,WAIT,WATCH_GROUP,未就緒 NOT_READY,47.00,56.10,NOT_READY;上影;收弱,watchlist,reports/report_20260606.html
2026-06-06,3630,NEWMAX TECHNOLOGY CO LTD,TAKE_PROFIT,ENTRY_CAUTION_GROUP,過熱 OVERHEATED,44.00,27.85,OVERHEATED;追高,watchlist,reports/report_20260606.html
2026-06-06,4105,TTY BIOPHARM COMPANY LIMITED,BUY,BUY_GROUP,,0.00,74.50,,market,reports/report_20260606.html
2026-06-06,4123,CENTER LABORATORIES INC,WATCH_CLOSELY,WATCH_GROUP,築底 BASE_BUILDING,50.00,37.90,BASE_BUILDING;上影;收弱,watchlist,reports/report_20260606.html
2026-06-06,4532,睿智,REDUCE,REDUCE_GROUP,,0.00,24.20,,positions,reports/report_20260606.html
2026-06-06,4532,睿智,WAIT,WATCH_GROUP,未就緒 NOT_READY,47.00,24.20,NOT_READY;上影;收弱,watchlist,reports/report_20260606.html
2026-06-06,4534,TRINITY PRECISION TECHNOLOGY CO,TAKE_PROFIT,ENTRY_CAUTION_GROUP,過熱 OVERHEATED,41.00,31.85,OVERHEATED;追高,watchlist,reports/report_20260606.html
2026-06-06,4542,ASIA NEO TECH INDUSTRIAL CO. LT,WAIT,WATCH_GROUP,未就緒 NOT_READY,44.00,314.50,NOT_READY,watchlist,reports/report_20260606.html
2026-06-06,4807,日成-KY,TAKE_PROFIT,ENTRY_CAUTION_GROUP,過熱 OVERHEATED,39.00,34.65,OVERHEATED;追高,watchlist,reports/report_20260606.html
2026-06-06,5202,NEWSOFT TECHNOLOGY CORP,TAKE_PROFIT,ENTRY_CAUTION_GROUP,過熱 OVERHEATED,48.00,17.30,OVERHEATED;追高,watchlist,reports/report_20260606.html
2026-06-06,5213,YEASHIN INTERNATIONAL DEVELOPME,TAKE_PROFIT,ENTRY_CAUTION_GROUP,過熱 OVERHEATED,55.00,23.55,OVERHEATED;追高,watchlist,reports/report_20260606.html
2026-06-06,5381,SPECTRUM ELECTRICS CORPORATION,WATCH_CLOSELY,WATCH_GROUP,主升 MAIN_RUN,45.00,34.00,MAIN_RUN,watchlist,reports/report_20260606.html
2026-06-06,5426,CHENG FWA INDUSTRIAL,TAKE_PROFIT,ENTRY_CAUTION_GROUP,過熱 OVERHEATED,39.00,32.90,OVERHEATED;追高,watchlist,reports/report_20260606.html
2026-06-06,5493,SAN LIEN TECHNOLOGY CORP,WAIT,WATCH_GROUP,未就緒 NOT_READY,40.00,94.10,NOT_READY,watchlist,reports/report_20260606.html
2026-06-06,5536,ACTER GROUP CORPORATION LTD,WATCH_CLOSELY,WATCH_GROUP,主升 MAIN_RUN,44.00,1050.00,MAIN_RUN;上影;收弱,watchlist,reports/report_20260606.html
2026-06-06,5871,中租-KY,WAIT,WATCH_GROUP,未就緒 NOT_READY,52.00,115.50,NOT_READY,watchlist,reports/report_20260606.html
2026-06-06,5880,合庫,WATCH,WATCH_GROUP,,0.00,23.05,,positions,reports/report_20260606.html
2026-06-06,6112,邁達特,BUY,BUY_GROUP,,0.00,51.20,,market,reports/report_20260606.html
2026-06-06,6112,邁達特,WAIT,WATCH_GROUP,未就緒 NOT_READY,48.00,51.20,NOT_READY,watchlist,reports/report_20260606.html
2026-06-06,6139,亞翔,WAIT,WATCH_GROUP,未就緒 NOT_READY,34.00,728.00,NOT_READY;上影;收弱,watchlist,reports/report_20260606.html
2026-06-06,6152,百一,WAIT,WATCH_GROUP,未就緒 NOT_READY,38.00,15.20,NOT_READY,watchlist,reports/report_20260606.html
2026-06-06,6180,GAMANIA DIGITAL ENTERTAINMENT C,WAIT,WATCH_GROUP,未就緒 NOT_READY,57.00,43.90,NOT_READY,watchlist,reports/report_20260606.html
2026-06-06,6209,今國光,WATCH_CLOSELY,WATCH_GROUP,主升 MAIN_RUN,48.00,80.00,MAIN_RUN,watchlist,reports/report_20260606.html
2026-06-06,6209,今國光,BUY,BUY_GROUP,,0.00,80.00,,market,reports/report_20260606.html
2026-06-06,6270,PROFESSIONAL COMPUTER TECHNOLOG,WATCH_CLOSELY,WATCH_GROUP,主升 MAIN_RUN,47.00,35.85,MAIN_RUN,watchlist,reports/report_20260606.html
2026-06-06,6442,光聖,WAIT,WATCH_GROUP,未就緒 NOT_READY,54.00,1970.00,NOT_READY;上影;收弱,watchlist,reports/report_20260606.html
2026-06-06,6465,ATRACK TECHNOLOGY INC,WAIT,WATCH_GROUP,未就緒 NOT_READY,38.00,53.10,NOT_READY;上影;收弱,watchlist,reports/report_20260606.html
2026-06-06,6485,ASOLID TECHNOLOGY CO LTD,WAIT,WATCH_GROUP,未就緒 NOT_READY,38.00,101.00,NOT_READY;上影;收弱,watchlist,reports/report_20260606.html
2026-06-06,6505,台塑化,WAIT,WATCH_GROUP,未就緒 NOT_READY,54.00,52.60,NOT_READY;上影;收弱,watchlist,reports/report_20260606.html
2026-06-06,6763,Green World,WAIT,WATCH_GROUP,未就緒 NOT_READY,44.00,49.00,NOT_READY,watchlist,reports/report_20260606.html
2026-06-06,6890,來億-KY,TAKE_PROFIT,ENTRY_CAUTION_GROUP,過熱 OVERHEATED,39.00,249.50,OVERHEATED;追高,watchlist,reports/report_20260606.html
2026-06-06,6907,ARTERY TECHNOLOGY CORPORATION,TAKE_PROFIT,ENTRY_CAUTION_GROUP,過熱 OVERHEATED,36.00,152.50,OVERHEATED;追高,watchlist,reports/report_20260606.html
2026-06-06,7721,微程式,WAIT,WATCH_GROUP,未就緒 NOT_READY,49.00,76.70,NOT_READY,watchlist,reports/report_20260606.html
2026-06-06,7788,松川精密,TAKE_PROFIT,ENTRY_CAUTION_GROUP,過熱 OVERHEATED,36.00,246.00,OVERHEATED;追高,watchlist,reports/report_20260606.html
2026-06-06,7827,漢康-KY創,WAIT,WATCH_GROUP,未就緒 NOT_READY,42.00,156.50,NOT_READY,watchlist,reports/report_20260606.html
2026-06-06,8415,BRIGHTON-BEST INTERNATION (TAIW,WAIT,WATCH_GROUP,未就緒 NOT_READY,38.00,34.60,NOT_READY;上影;收弱,watchlist,reports/report_20260606.html
2026-06-06,8935,PONTEX POLYBLEND CO,WATCH_CLOSELY,WATCH_GROUP,主升 MAIN_RUN,44.00,23.80,MAIN_RUN,watchlist,reports/report_20260606.html
2026-06-06,8936,KUO TOONG INTERNATIONAL,WATCH_CLOSELY,WATCH_GROUP,主升 MAIN_RUN,47.00,57.70,MAIN_RUN,watchlist,reports/report_20260606.html
2026-06-06,9904,寶成,WAIT,WATCH_GROUP,未就緒 NOT_READY,43.00,25.90,NOT_READY;上影;收弱,watchlist,reports/report_20260606.html
2026-06-06,9946,三發地產,WAIT,WATCH_GROUP,未就緒 NOT_READY,47.00,16.85,NOT_READY,watchlist,reports/report_20260606.html
2026-06-06,9958,世紀鋼,WATCH_CLOSELY,WATCH_GROUP,主升 MAIN_RUN,65.00,115.00,MAIN_RUN,watchlist,reports/report_20260606.html
2026-06-06,9958,世紀鋼,BUY,BUY_GROUP,,0.00,115.00,,market,reports/report_20260606.html
2026-06-08,0050,元大台灣50,WAIT,WATCH_GROUP,未就緒 NOT_READY,44.00,100.95,NOT_READY,watchlist,reports/report_20260608.html
2026-06-09,1504,東元,SELL,REDUCE_GROUP,,0.00,73.10,,positions,reports/report_20260609.html
2026-06-09,1605,華新,SELL,REDUCE_GROUP,,0.00,36.50,,positions,reports/report_20260609.html
2026-06-09,1708,東鹼,WAIT,WATCH_GROUP,未就緒 NOT_READY,48.00,45.35,NOT_READY,watchlist,reports/report_20260609.html
2026-06-09,1710,東華,REDUCE,REDUCE_GROUP,,0.00,14.65,,positions,reports/report_20260609.html
2026-06-09,1727,中華化,WAIT,WATCH_GROUP,未就緒 NOT_READY,34.00,92.90,NOT_READY;上影;收弱,watchlist,reports/report_20260609.html
2026-06-09,1789,神隆,TAKE_PROFIT,ENTRY_CAUTION_GROUP,過熱 OVERHEATED,44.00,20.75,OVERHEATED;追高,watchlist,reports/report_20260609.html
2026-06-09,1809,中釉,TAKE_PROFIT,ENTRY_CAUTION_GROUP,過熱 OVERHEATED,44.00,56.30,OVERHEATED;追高,watchlist,reports/report_20260609.html
2026-06-09,1809,中釉,SELL,REDUCE_GROUP,,0.00,56.30,,positions,reports/report_20260609.html
2026-06-09,1907,永豐餘,WAIT,WATCH_GROUP,未就緒 NOT_READY,56.00,25.55,NOT_READY;上影;收弱,watchlist,reports/report_20260609.html
2026-06-09,2009,第一銅,SELL,REDUCE_GROUP,,0.00,40.55,,positions,reports/report_20260609.html
2026-06-09,2025,千興,TAKE_PROFIT,ENTRY_CAUTION_GROUP,過熱 OVERHEATED,36.00,15.30,OVERHEATED;追高,watchlist,reports/report_20260609.html
2026-06-09,2241,艾姆勒,TAKE_PROFIT,ENTRY_CAUTION_GROUP,過熱 OVERHEATED,40.00,39.70,OVERHEATED;追高,watchlist,reports/report_20260609.html
2026-06-09,2303,聯電,REDUCE,REDUCE_GROUP,,0.00,127.50,,positions,reports/report_20260609.html
2026-06-09,2313,華通,WAIT,WATCH_GROUP,未就緒 NOT_READY,38.00,276.00,NOT_READY,watchlist,reports/report_20260609.html
2026-06-09,2356,英業達,REDUCE,REDUCE_GROUP,,0.00,70.60,,positions,reports/report_20260609.html
2026-06-09,2468,華經,TAKE_PROFIT,ENTRY_CAUTION_GROUP,過熱 OVERHEATED,31.00,43.10,OVERHEATED;追高,watchlist,reports/report_20260609.html
2026-06-09,2478,大毅,TAKE_PROFIT,ENTRY_CAUTION_GROUP,過熱 OVERHEATED,51.00,167.00,OVERHEATED;追高,watchlist,reports/report_20260609.html
2026-06-09,2484,希華,WATCH_CLOSELY,WATCH_GROUP,主升 MAIN_RUN,48.00,60.80,MAIN_RUN,watchlist,reports/report_20260609.html
2026-06-09,2484,希華,BUY,BUY_GROUP,,0.00,60.80,,market,reports/report_20260609.html
2026-06-09,2497,怡利電,WAIT,WATCH_GROUP,未就緒 NOT_READY,51.00,65.80,NOT_READY,watchlist,reports/report_20260609.html
2026-06-09,2543,皇昌,WATCH_CLOSELY,WATCH_GROUP,主升 MAIN_RUN,42.00,48.90,MAIN_RUN,watchlist,reports/report_20260609.html
2026-06-09,2547,日勝生,TAKE_PROFIT,ENTRY_CAUTION_GROUP,過熱 OVERHEATED,40.00,11.05,OVERHEATED;追高,watchlist,reports/report_20260609.html
2026-06-09,2645,長榮航太,WAIT,WATCH_GROUP,未就緒 NOT_READY,68.00,173.50,NOT_READY,watchlist,reports/report_20260609.html
2026-06-09,2820,華票,PREPARE_ENTRY,BUY_GROUP,突破前 PRE_BREAKOUT,76.00,17.40,PRE_BREAKOUT,watchlist,reports/report_20260609.html
2026-06-09,2820,華票,WATCH,WATCH_GROUP,,0.00,17.40,,positions,reports/report_20260609.html
2026-06-09,2834,臺企銀,PREPARE_ENTRY,BUY_GROUP,突破前 PRE_BREAKOUT,69.00,17.10,PRE_BREAKOUT,watchlist,reports/report_20260609.html
2026-06-09,2836,高雄銀,PREPARE_ENTRY,BUY_GROUP,突破前 PRE_BREAKOUT,76.00,12.35,PRE_BREAKOUT,watchlist,reports/report_20260609.html
2026-06-09,2836,高雄銀,BUY,BUY_GROUP,,0.00,12.35,,market,reports/report_20260609.html
2026-06-09,2845,遠東銀,BUY,BUY_GROUP,,0.00,12.80,,market,reports/report_20260609.html
2026-06-09,2845,遠東銀,PREPARE_ENTRY,BUY_GROUP,突破前 PRE_BREAKOUT,76.00,12.80,PRE_BREAKOUT,watchlist,reports/report_20260609.html
2026-06-09,2850,新產,WAIT,WATCH_GROUP,未就緒 NOT_READY,65.00,150.00,NOT_READY,watchlist,reports/report_20260609.html
2026-06-09,2887,新光,HOLD,WATCH_GROUP,,0.00,29.55,,positions,reports/report_20260609.html
2026-06-09,2905,三商,WAIT,WATCH_GROUP,未就緒 NOT_READY,51.00,14.45,NOT_READY,watchlist,reports/report_20260609.html
2026-06-09,3004,豐達科,WAIT,WATCH_GROUP,未就緒 NOT_READY,38.00,134.50,NOT_READY,watchlist,reports/report_20260609.html
2026-06-09,3022,威強電,WATCH_CLOSELY,WATCH_GROUP,主升 MAIN_RUN,47.00,86.90,MAIN_RUN,watchlist,reports/report_20260609.html
2026-06-09,3048,益登,WAIT,WATCH_GROUP,未就緒 NOT_READY,44.00,71.60,NOT_READY,watchlist,reports/report_20260609.html
2026-06-09,3221,TAI-SAW TECHNOLOGY CO,WATCH_CLOSELY,WATCH_GROUP,主升 MAIN_RUN,48.00,63.90,MAIN_RUN,watchlist,reports/report_20260609.html
2026-06-09,3221,TAI-SAW TECHNOLOGY CO,BUY,BUY_GROUP,,0.00,63.90,,market,reports/report_20260609.html
2026-06-09,3290,DONPON PRECISION INC,BUY,BUY_GROUP,,0.00,54.00,,market,reports/report_20260609.html
2026-06-09,3290,DONPON PRECISION INC,WAIT,WATCH_GROUP,未就緒 NOT_READY,48.00,54.00,NOT_READY,watchlist,reports/report_20260609.html
2026-06-09,3376,新日興,TAKE_PROFIT,ENTRY_CAUTION_GROUP,過熱 OVERHEATED,35.00,235.00,OVERHEATED;追高,watchlist,reports/report_20260609.html
2026-06-09,3504,揚明光,WATCH_CLOSELY,WATCH_GROUP,主升 MAIN_RUN,42.00,80.10,MAIN_RUN,watchlist,reports/report_20260609.html
2026-06-09,3504,揚明光,BUY,BUY_GROUP,,0.00,80.10,,market,reports/report_20260609.html
2026-06-09,3520,JHEN VEI ELECTRONIC CO LTD,TAKE_PROFIT,ENTRY_CAUTION_GROUP,過熱 OVERHEATED,32.00,19.15,OVERHEATED;追高,watchlist,reports/report_20260609.html
2026-06-09,3630,NEWMAX TECHNOLOGY CO LTD,WATCH_CLOSELY,WATCH_GROUP,主升 MAIN_RUN,42.00,30.60,MAIN_RUN,watchlist,reports/report_20260609.html
2026-06-09,3703,欣陸,WATCH_CLOSELY,WATCH_GROUP,築底 BASE_BUILDING,52.00,21.45,BASE_BUILDING,watchlist,reports/report_20260609.html
2026-06-09,4532,睿智,HOLD,WATCH_GROUP,,0.00,24.40,,positions,reports/report_20260609.html
2026-06-09,4542,ASIA NEO TECH INDUSTRIAL CO. LT,TAKE_PROFIT,ENTRY_CAUTION_GROUP,過熱 OVERHEATED,34.00,345.50,OVERHEATED;追高,watchlist,reports/report_20260609.html
2026-06-09,4763,材料*-KY,WAIT,WATCH_GROUP,未就緒 NOT_READY,48.00,45.35,NOT_READY,watchlist,reports/report_20260609.html
2026-06-09,4763,材料*-KY,BUY,BUY_GROUP,,0.00,45.35,,market,reports/report_20260609.html
2026-06-09,4976,佳凌,WATCH_CLOSELY,WATCH_GROUP,主升 MAIN_RUN,51.00,35.55,MAIN_RUN,watchlist,reports/report_20260609.html
2026-06-09,5289,INNODISK CORPORATION,WAIT,WATCH_GROUP,未就緒 NOT_READY,51.00,1990.00,NOT_READY,watchlist,reports/report_20260609.html
2026-06-09,5289,INNODISK CORPORATION,BUY,BUY_GROUP,,0.00,1990.00,,market,reports/report_20260609.html
2026-06-09,5381,SPECTRUM ELECTRICS CORPORATION,TAKE_PROFIT,ENTRY_CAUTION_GROUP,過熱 OVERHEATED,27.00,33.20,OVERHEATED;追高,watchlist,reports/report_20260609.html
2026-06-09,5493,SAN LIEN TECHNOLOGY CORP,BUY,BUY_GROUP,,0.00,100.50,,market,reports/report_20260609.html
2026-06-09,5493,SAN LIEN TECHNOLOGY CORP,WAIT,WATCH_GROUP,未就緒 NOT_READY,47.00,100.50,NOT_READY,watchlist,reports/report_20260609.html
2026-06-09,5876,上海商銀,PREPARE_ENTRY,BUY_GROUP,突破前 PRE_BREAKOUT,66.00,42.65,PRE_BREAKOUT,watchlist,reports/report_20260609.html
2026-06-09,5880,合庫,BUY,BUY_GROUP,,0.00,23.85,,positions,reports/report_20260609.html
2026-06-09,5880,合庫,PREPARE_ENTRY,BUY_GROUP,突破前 PRE_BREAKOUT,78.00,23.85,PRE_BREAKOUT,watchlist,reports/report_20260609.html
2026-06-09,6148,AZION CORPORATION,TAKE_PROFIT,ENTRY_CAUTION_GROUP,過熱 OVERHEATED,31.00,36.75,OVERHEATED;追高,watchlist,reports/report_20260609.html
2026-06-09,6153,聯益嘉,TAKE_PROFIT,ENTRY_CAUTION_GROUP,過熱 OVERHEATED,44.00,20.50,OVERHEATED;追高,watchlist,reports/report_20260609.html
2026-06-09,6153,聯益嘉,WATCH,WATCH_GROUP,,0.00,20.50,,positions,reports/report_20260609.html
2026-06-09,6189,豐藝,BUY,BUY_GROUP,,0.00,55.90,,market,reports/report_20260609.html
2026-06-09,6189,豐藝,WATCH_CLOSELY,WATCH_GROUP,主升 MAIN_RUN,51.00,55.90,MAIN_RUN,watchlist,reports/report_20260609.html
2026-06-09,6209,今國光,WATCH_CLOSELY,WATCH_GROUP,主升 MAIN_RUN,42.00,88.00,MAIN_RUN,watchlist,reports/report_20260609.html
2026-06-09,6270,PROFESSIONAL COMPUTER TECHNOLOG,TAKE_PROFIT,ENTRY_CAUTION_GROUP,過熱 OVERHEATED,39.00,39.40,OVERHEATED;追高,watchlist,reports/report_20260609.html
2026-06-09,6432,ARLITECH ELECTRONIC CORP,WAIT,WATCH_GROUP,未就緒 NOT_READY,38.00,71.70,NOT_READY,watchlist,reports/report_20260609.html
2026-06-09,6442,光聖,WAIT,WATCH_GROUP,未就緒 NOT_READY,54.00,2100.00,NOT_READY,watchlist,reports/report_20260609.html
2026-06-09,6517,BASO,TAKE_PROFIT,ENTRY_CAUTION_GROUP,過熱 OVERHEATED,40.00,68.00,OVERHEATED;追高,watchlist,reports/report_20260609.html
2026-06-09,6585,鼎基,WATCH_CLOSELY,WATCH_GROUP,主升 MAIN_RUN,44.00,127.00,MAIN_RUN,watchlist,reports/report_20260609.html
2026-06-09,6667,TRUSVAL TECHNOLOGY CO LTD,WAIT,WATCH_GROUP,未就緒 NOT_READY,44.00,277.00,NOT_READY,watchlist,reports/report_20260609.html
2026-06-09,6693,inergy,WAIT,WATCH_GROUP,未就緒 NOT_READY,48.00,175.00,NOT_READY,watchlist,reports/report_20260609.html
2026-06-09,6761,Wendell,WAIT,WATCH_GROUP,未就緒 NOT_READY,31.00,211.50,NOT_READY;上影;收弱,watchlist,reports/report_20260609.html
2026-06-09,6763,Green World,TAKE_PROFIT,ENTRY_CAUTION_GROUP,過熱 OVERHEATED,35.00,48.80,OVERHEATED;追高,watchlist,reports/report_20260609.html
2026-06-09,6831,邁科,WAIT,WATCH_GROUP,未就緒 NOT_READY,44.00,776.00,NOT_READY,watchlist,reports/report_20260609.html
2026-06-09,6901,鑽石投資,TAKE_PROFIT,ENTRY_CAUTION_GROUP,過熱 OVERHEATED,37.00,16.00,OVERHEATED;追高,watchlist,reports/report_20260609.html
2026-06-09,8021,尖點,WAIT,WATCH_GROUP,未就緒 NOT_READY,71.00,506.00,NOT_READY,watchlist,reports/report_20260609.html
2026-06-09,8182,HARMONY ELECTRONICS CORP,WATCH_CLOSELY,WATCH_GROUP,主升 MAIN_RUN,51.00,50.80,MAIN_RUN,watchlist,reports/report_20260609.html
2026-06-09,8422,可寧衛*,WAIT,WATCH_GROUP,未就緒 NOT_READY,48.00,29.60,NOT_READY,watchlist,reports/report_20260609.html
2026-06-09,8454,富邦媒,TAKE_PROFIT,ENTRY_CAUTION_GROUP,過熱 OVERHEATED,39.00,426.50,OVERHEATED;追高,watchlist,reports/report_20260609.html
2026-06-09,8476,台境*,TAKE_PROFIT,ENTRY_CAUTION_GROUP,過熱 OVERHEATED,37.00,18.75,OVERHEATED;追高,watchlist,reports/report_20260609.html
2026-06-09,8996,高力,TAKE_PROFIT,ENTRY_CAUTION_GROUP,過熱 OVERHEATED,43.00,1330.00,OVERHEATED;追高,watchlist,reports/report_20260609.html
2026-06-09,9910,豐泰,WATCH_CLOSELY,WATCH_GROUP,主升 MAIN_RUN,48.00,86.30,MAIN_RUN,watchlist,reports/report_20260609.html
2026-06-09,9946,三發地產,WAIT,WATCH_GROUP,未就緒 NOT_READY,41.00,16.95,NOT_READY,watchlist,reports/report_20260609.html
2026-06-10,1104,環泥,WATCH_CLOSELY,WATCH_GROUP,築底 BASE_BUILDING,58.00,29.00,BASE_BUILDING;族群轉弱,watchlist,reports/report_20260610.html
2026-06-10,1210,大成,WATCH_CLOSELY,WATCH_GROUP,築底 BASE_BUILDING,65.00,55.40,BASE_BUILDING,watchlist,reports/report_20260610.html
2026-06-10,1210,大成,BUY,BUY_GROUP,,0.00,55.40,,market,reports/report_20260610.html
2026-06-10,1402,遠東新,PREPARE_ENTRY,BUY_GROUP,突破前 PRE_BREAKOUT,65.00,27.65,PRE_BREAKOUT;族群轉弱,watchlist,reports/report_20260610.html
2026-06-10,1708,東鹼,WAIT,WATCH_GROUP,未就緒 NOT_READY,53.00,46.50,NOT_READY;上影;收弱,watchlist,reports/report_20260610.html
2026-06-10,1727,中華化,REMOVE_FROM_WATCHLIST,REDUCE_GROUP,失敗 FAILED,31.00,87.10,FAILED;跌破支撐,watchlist,reports/report_20260610.html
2026-06-10,1786,科妍,WAIT,WATCH_GROUP,未就緒 NOT_READY,31.00,56.90,NOT_READY;上影;收弱,watchlist,reports/report_20260610.html
2026-06-10,1789,神隆,WAIT,WATCH_GROUP,未就緒 NOT_READY,38.00,20.00,NOT_READY;上影;收弱,watchlist,reports/report_20260610.html
2026-06-10,1808,潤隆,WAIT,WATCH_GROUP,未就緒 NOT_READY,67.00,31.50,NOT_READY,watchlist,reports/report_20260610.html
2026-06-10,2025,千興,WAIT,WATCH_GROUP,未就緒 NOT_READY,38.00,14.45,NOT_READY;上影;收弱,watchlist,reports/report_20260610.html
2026-06-10,2030,彰源,WAIT,WATCH_GROUP,未就緒 NOT_READY,35.00,18.65,NOT_READY;上影;收弱,watchlist,reports/report_20260610.html
2026-06-10,2059,川湖,TAKE_PROFIT,ENTRY_CAUTION_GROUP,過熱 OVERHEATED,28.00,6370.00,OVERHEATED;追高,watchlist,reports/report_20260610.html
2026-06-10,2313,華通,WAIT,WATCH_GROUP,未就緒 NOT_READY,31.00,259.00,NOT_READY;上影;收弱,watchlist,reports/report_20260610.html
2026-06-10,2348,海悅,BUY,BUY_GROUP,,0.00,78.10,,market,reports/report_20260610.html
2026-06-10,2413,環科,BUY,BUY_GROUP,,0.00,59.60,,market,reports/report_20260610.html
2026-06-10,2457,飛宏,TAKE_PROFIT,ENTRY_CAUTION_GROUP,過熱 OVERHEATED,31.00,29.50,OVERHEATED;追高,watchlist,reports/report_20260610.html
2026-06-10,2462,良得電,TAKE_PROFIT,ENTRY_CAUTION_GROUP,過熱 OVERHEATED,41.00,25.95,OVERHEATED;追高,watchlist,reports/report_20260610.html
2026-06-10,2478,大毅,TAKE_PROFIT,ENTRY_CAUTION_GROUP,過熱 OVERHEATED,40.00,170.00,OVERHEATED;追高,watchlist,reports/report_20260610.html
2026-06-10,2484,希華,TAKE_PROFIT,ENTRY_CAUTION_GROUP,過熱 OVERHEATED,31.00,58.10,OVERHEATED;追高,watchlist,reports/report_20260610.html
2026-06-10,2493,揚博,BUY,BUY_GROUP,,0.00,180.50,,market,reports/report_20260610.html
2026-06-10,2497,怡利電,WAIT,WATCH_GROUP,未就緒 NOT_READY,35.00,63.70,NOT_READY;上影;收弱,watchlist,reports/report_20260610.html
2026-06-10,2501,國建,WATCH_CLOSELY,WATCH_GROUP,主升 MAIN_RUN,47.00,26.60,MAIN_RUN,watchlist,reports/report_20260610.html
2026-06-10,2504,國產,BUY,BUY_GROUP,,0.00,37.20,,market,reports/report_20260610.html
2026-06-10,2505,國揚,TAKE_PROFIT,ENTRY_CAUTION_GROUP,過熱 OVERHEATED,35.00,19.30,OVERHEATED;追高,watchlist,reports/report_20260610.html
2026-06-10,2520,冠德,WATCH_CLOSELY,WATCH_GROUP,主升 MAIN_RUN,47.00,35.60,MAIN_RUN,watchlist,reports/report_20260610.html
2026-06-10,2542,興富發,BUY,BUY_GROUP,,0.00,45.45,,market,reports/report_20260610.html
2026-06-10,2542,興富發,WAIT,WATCH_GROUP,未就緒 NOT_READY,44.00,45.45,NOT_READY,watchlist,reports/report_20260610.html
2026-06-10,2543,皇昌,WATCH_CLOSELY,WATCH_GROUP,主升 MAIN_RUN,35.00,48.90,MAIN_RUN;上影;收弱,watchlist,reports/report_20260610.html
2026-06-10,2547,日勝生,WAIT,WATCH_GROUP,未就緒 NOT_READY,44.00,11.15,NOT_READY,watchlist,reports/report_20260610.html
2026-06-10,2597,潤弘,WATCH_CLOSELY,WATCH_GROUP,主升 MAIN_RUN,47.00,195.00,MAIN_RUN,watchlist,reports/report_20260610.html
2026-06-10,2607,榮運,WAIT,WATCH_GROUP,未就緒 NOT_READY,52.00,49.40,NOT_READY,watchlist,reports/report_20260610.html
2026-06-10,2617,台航,WATCH_CLOSELY,WATCH_GROUP,築底 BASE_BUILDING,53.00,29.65,BASE_BUILDING,watchlist,reports/report_20260610.html
2026-06-10,2636,台驊控股,PREPARE_ENTRY,BUY_GROUP,突破前 PRE_BREAKOUT,63.00,70.30,PRE_BREAKOUT;量不足,watchlist,reports/report_20260610.html
2026-06-10,2645,長榮航太,WAIT,WATCH_GROUP,未就緒 NOT_READY,45.00,168.50,NOT_READY;上影;收弱,watchlist,reports/report_20260610.html
2026-06-10,2801,彰銀,WAIT,WATCH_GROUP,未就緒 NOT_READY,65.00,22.35,NOT_READY,watchlist,reports/report_20260610.html
2026-06-10,2820,華票,PREPARE_ENTRY,BUY_GROUP,突破前 PRE_BREAKOUT,68.00,17.60,PRE_BREAKOUT,watchlist,reports/report_20260610.html
2026-06-10,2834,臺企銀,WATCH_CLOSELY,WATCH_GROUP,築底 BASE_BUILDING,59.00,16.95,BASE_BUILDING;上影;收弱,watchlist,reports/report_20260610.html
2026-06-10,2836,高雄銀,PREPARE_ENTRY,BUY_GROUP,突破前 PRE_BREAKOUT,69.00,12.25,PRE_BREAKOUT;量不足,watchlist,reports/report_20260610.html
2026-06-10,2838,聯邦銀,PREPARE_ENTRY,BUY_GROUP,突破前 PRE_BREAKOUT,66.00,21.65,PRE_BREAKOUT;量不足,watchlist,reports/report_20260610.html
2026-06-10,2845,遠東銀,PREPARE_ENTRY,BUY_GROUP,突破前 PRE_BREAKOUT,69.00,12.80,PRE_BREAKOUT;量不足,watchlist,reports/report_20260610.html
2026-06-10,2850,新產,WAIT,WATCH_GROUP,未就緒 NOT_READY,57.00,148.00,NOT_READY;上影;收弱,watchlist,reports/report_20260610.html
2026-06-10,2851,中再保,WAIT,WATCH_GROUP,未就緒 NOT_READY,54.00,36.60,NOT_READY;上影;收弱,watchlist,reports/report_20260610.html
2026-06-10,2883,凱基金,WATCH_CLOSELY,WATCH_GROUP,主升 MAIN_RUN,35.00,28.20,MAIN_RUN;族群轉弱,watchlist,reports/report_20260610.html
2026-06-10,2884,玉山金,WAIT,WATCH_GROUP,未就緒 NOT_READY,57.00,33.65,NOT_READY;族群轉弱,watchlist,reports/report_20260610.html
2026-06-10,2897,王道銀行,PREPARE_ENTRY,BUY_GROUP,突破前 PRE_BREAKOUT,66.00,10.40,PRE_BREAKOUT;量不足,watchlist,reports/report_20260610.html
2026-06-10,2903,遠百,PREPARE_ENTRY,BUY_GROUP,突破前 PRE_BREAKOUT,65.00,23.25,PRE_BREAKOUT;上影;收弱,watchlist,reports/report_20260610.html
2026-06-10,2905,三商,WAIT,WATCH_GROUP,未就緒 NOT_READY,45.00,14.40,NOT_READY,watchlist,reports/report_20260610.html
2026-06-10,3003,健和興,WAIT,WATCH_GROUP,未就緒 NOT_READY,35.00,64.10,NOT_READY;族群轉弱,watchlist,reports/report_20260610.html
2026-06-10,3004,豐達科,WAIT,WATCH_GROUP,未就緒 NOT_READY,31.00,131.50,NOT_READY;上影;收弱,watchlist,reports/report_20260610.html
2026-06-10,3022,威強電,TAKE_PROFIT,ENTRY_CAUTION_GROUP,過熱 OVERHEATED,28.00,85.00,OVERHEATED;追高,watchlist,reports/report_20260610.html
2026-06-10,3025,星通,REMOVE_FROM_WATCHLIST,REDUCE_GROUP,失敗 FAILED,31.00,69.00,FAILED;跌破支撐,watchlist,reports/report_20260610.html
2026-06-10,3033,威健,WAIT,WATCH_GROUP,未就緒 NOT_READY,34.00,50.20,NOT_READY;上影;收弱,watchlist,reports/report_20260610.html
2026-06-10,3042,晶技,TAKE_PROFIT,ENTRY_CAUTION_GROUP,過熱 OVERHEATED,35.00,214.00,OVERHEATED;追高,watchlist,reports/report_20260610.html
2026-06-10,3048,益登,TAKE_PROFIT,ENTRY_CAUTION_GROUP,過熱 OVERHEATED,40.00,73.30,OVERHEATED;追高,watchlist,reports/report_20260610.html
2026-06-10,3093,港建*,WAIT,WATCH_GROUP,未就緒 NOT_READY,35.00,60.60,NOT_READY;上影;收弱,watchlist,reports/report_20260610.html
2026-06-10,3167,大量,TAKE_PROFIT,ENTRY_CAUTION_GROUP,過熱 OVERHEATED,43.00,858.00,OVERHEATED;追高,watchlist,reports/report_20260610.html
2026-06-10,3221,台嘉碩,TAKE_PROFIT,ENTRY_CAUTION_GROUP,過熱 OVERHEATED,27.00,58.50,OVERHEATED;追高,watchlist,reports/report_20260610.html
2026-06-10,3290,東浦,WATCH_CLOSELY,WATCH_GROUP,主升 MAIN_RUN,47.00,57.90,MAIN_RUN,watchlist,reports/report_20260610.html
2026-06-10,3293,鈊象,TAKE_PROFIT,ENTRY_CAUTION_GROUP,過熱 OVERHEATED,38.00,799.00,OVERHEATED;追高,watchlist,reports/report_20260610.html
2026-06-10,3321,同泰,WAIT,WATCH_GROUP,未就緒 NOT_READY,35.00,20.10,NOT_READY;上影;收弱,watchlist,reports/report_20260610.html
2026-06-10,3322,建舜電,TAKE_PROFIT,ENTRY_CAUTION_GROUP,過熱 OVERHEATED,31.00,15.05,OVERHEATED;追高,watchlist,reports/report_20260610.html
2026-06-10,3504,揚明光,REMOVE_FROM_WATCHLIST,REDUCE_GROUP,失敗 FAILED,34.00,79.00,FAILED;跌破支撐,watchlist,reports/report_20260610.html
2026-06-10,3520,華盈,WATCH_CLOSELY,WATCH_GROUP,主升 MAIN_RUN,35.00,17.75,MAIN_RUN;上影;收弱,watchlist,reports/report_20260610.html
2026-06-10,3550,聯穎,TAKE_PROFIT,ENTRY_CAUTION_GROUP,過熱 OVERHEATED,39.00,28.45,OVERHEATED;追高,watchlist,reports/report_20260610.html
2026-06-10,3630,新鉅科,TAKE_PROFIT,ENTRY_CAUTION_GROUP,過熱 OVERHEATED,31.00,30.40,OVERHEATED;追高,watchlist,reports/report_20260610.html
2026-06-10,3703,欣陸,WATCH_CLOSELY,WATCH_GROUP,築底 BASE_BUILDING,58.00,21.80,BASE_BUILDING,watchlist,reports/report_20260610.html
2026-06-10,4513,FALCON MACHINE TOOLS,BUY,BUY_GROUP,,0.00,16.40,,market,reports/report_20260610.html
2026-06-10,4542,科嶠,TAKE_PROFIT,ENTRY_CAUTION_GROUP,過熱 OVERHEATED,28.00,327.00,OVERHEATED;追高,watchlist,reports/report_20260610.html
2026-06-10,4739,康普,TAKE_PROFIT,ENTRY_CAUTION_GROUP,過熱 OVERHEATED,28.00,125.00,OVERHEATED;追高,watchlist,reports/report_20260610.html
2026-06-10,4763,材料*-KY,WAIT,WATCH_GROUP,未就緒 NOT_READY,35.00,44.25,NOT_READY;上影;收弱,watchlist,reports/report_20260610.html
2026-06-10,4915,致伸,WATCH_CLOSELY,WATCH_GROUP,築底 BASE_BUILDING,52.00,75.40,BASE_BUILDING;上影;收弱,watchlist,reports/report_20260610.html
2026-06-10,4931,新盛力,WAIT,WATCH_GROUP,未就緒 NOT_READY,35.00,252.00,NOT_READY;上影;收弱,watchlist,reports/report_20260610.html
2026-06-10,4976,佳凌,TAKE_PROFIT,ENTRY_CAUTION_GROUP,過熱 OVERHEATED,31.00,33.80,OVERHEATED;追高,watchlist,reports/report_20260610.html
2026-06-10,5210,寶碩,WATCH_CLOSELY,WATCH_GROUP,主升 MAIN_RUN,35.00,30.95,MAIN_RUN;上影;收弱,watchlist,reports/report_20260610.html
2026-06-10,5289,宜鼎,WAIT,WATCH_GROUP,未就緒 NOT_READY,35.00,1795.00,NOT_READY;上影;收弱,watchlist,reports/report_20260610.html
2026-06-10,5426,振發,TAKE_PROFIT,ENTRY_CAUTION_GROUP,過熱 OVERHEATED,27.00,32.45,OVERHEATED;追高,watchlist,reports/report_20260610.html
2026-06-10,5493,三聯,WAIT,WATCH_GROUP,未就緒 NOT_READY,38.00,100.00,NOT_READY;上影;收弱,watchlist,reports/report_20260610.html
2026-06-10,5508,永信建,BUY,BUY_GROUP,,0.00,57.50,,market,reports/report_20260610.html
2026-06-10,5508,永信建,WATCH_CLOSELY,WATCH_GROUP,主升 MAIN_RUN,48.00,57.50,MAIN_RUN,watchlist,reports/report_20260610.html
2026-06-10,5515,建國,WAIT,WATCH_GROUP,未就緒 NOT_READY,48.00,43.00,NOT_READY,watchlist,reports/report_20260610.html
2026-06-10,5607,遠雄港,TAKE_PROFIT,ENTRY_CAUTION_GROUP,過熱 OVERHEATED,63.00,53.50,OVERHEATED;追高,watchlist,reports/report_20260610.html
2026-06-10,5876,上海商銀,WATCH_CLOSELY,WATCH_GROUP,築底 BASE_BUILDING,59.00,42.05,BASE_BUILDING;上影;收弱,watchlist,reports/report_20260610.html
2026-06-10,5880,合庫,WATCH_CLOSELY,WATCH_GROUP,築底 BASE_BUILDING,59.00,23.80,BASE_BUILDING;族群轉弱,watchlist,reports/report_20260610.html
2026-06-10,6127,九豪,TAKE_PROFIT,ENTRY_CAUTION_GROUP,過熱 OVERHEATED,31.00,77.00,OVERHEATED;追高,watchlist,reports/report_20260610.html
2026-06-10,6153,聯益嘉,TAKE_PROFIT,ENTRY_CAUTION_GROUP,過熱 OVERHEATED,37.00,20.75,OVERHEATED;追高,watchlist,reports/report_20260610.html
2026-06-10,6165,浪凡,WAIT,WATCH_GROUP,未就緒 NOT_READY,35.00,48.75,NOT_READY;上影;收弱,watchlist,reports/report_20260610.html
2026-06-10,6174,安,TAKE_PROFIT,ENTRY_CAUTION_GROUP,過熱 OVERHEATED,27.00,47.00,OVERHEATED;追高,watchlist,reports/report_20260610.html
2026-06-10,6175,立敦,WAIT,WATCH_GROUP,未就緒 NOT_READY,31.00,99.90,NOT_READY;上影;收弱,watchlist,reports/report_20260610.html
2026-06-10,6186,SHIN RUENN DEVELOPMENT CO LTD,BUY,BUY_GROUP,,0.00,42.00,,market,reports/report_20260610.html
2026-06-10,6189,豐藝,WAIT,WATCH_GROUP,未就緒 NOT_READY,35.00,53.10,NOT_READY;上影;收弱,watchlist,reports/report_20260610.html
2026-06-10,6197,佳必琪,WAIT,WATCH_GROUP,未就緒 NOT_READY,32.00,325.50,NOT_READY;上影;收弱,watchlist,reports/report_20260610.html
2026-06-10,6209,今國光,TAKE_PROFIT,ENTRY_CAUTION_GROUP,過熱 OVERHEATED,31.00,81.00,OVERHEATED;追高,watchlist,reports/report_20260610.html
2026-06-10,6270,倍微,TAKE_PROFIT,ENTRY_CAUTION_GROUP,過熱 OVERHEATED,28.00,36.70,OVERHEATED;追高,watchlist,reports/report_20260610.html
2026-06-10,6414,樺漢,WAIT,WATCH_GROUP,未就緒 NOT_READY,35.00,388.00,NOT_READY;上影;收弱,watchlist,reports/report_20260610.html
2026-06-10,6432,今展科,TAKE_PROFIT,ENTRY_CAUTION_GROUP,過熱 OVERHEATED,37.00,75.90,OVERHEATED;追高,watchlist,reports/report_20260610.html
2026-06-10,6442,光聖,REMOVE_FROM_WATCHLIST,REDUCE_GROUP,失敗 FAILED,35.00,1890.00,FAILED;跌破支撐,watchlist,reports/report_20260610.html
2026-06-10,6469,大樹,WAIT,WATCH_GROUP,未就緒 NOT_READY,40.00,74.80,NOT_READY;上影;收弱,watchlist,reports/report_20260610.html
2026-06-10,6585,鼎基,TAKE_PROFIT,ENTRY_CAUTION_GROUP,過熱 OVERHEATED,38.00,126.00,OVERHEATED;追高,watchlist,reports/report_20260610.html
2026-06-10,6667,信紘科,WAIT,WATCH_GROUP,未就緒 NOT_READY,31.00,264.00,NOT_READY;上影;收弱,watchlist,reports/report_20260610.html
2026-06-10,6672,騰輝電子-KY,REMOVE_FROM_WATCHLIST,REDUCE_GROUP,失敗 FAILED,35.00,218.50,FAILED;跌破支撐,watchlist,reports/report_20260610.html
2026-06-10,6693,廣閎科,TAKE_PROFIT,ENTRY_CAUTION_GROUP,過熱 OVERHEATED,35.00,160.50,OVERHEATED;追高,watchlist,reports/report_20260610.html
2026-06-10,6788,華景電,TAKE_PROFIT,ENTRY_CAUTION_GROUP,過熱 OVERHEATED,35.00,424.00,OVERHEATED;追高,watchlist,reports/report_20260610.html
2026-06-10,6831,邁科,WAIT,WATCH_GROUP,未就緒 NOT_READY,31.00,731.00,NOT_READY;上影;收弱,watchlist,reports/report_20260610.html
2026-06-10,6841,長佳智能,WAIT,WATCH_GROUP,未就緒 NOT_READY,31.00,60.70,NOT_READY;上影;收弱,watchlist,reports/report_20260610.html
2026-06-10,6885,全福生技,WAIT,WATCH_GROUP,未就緒 NOT_READY,35.00,24.10,NOT_READY;上影;收弱,watchlist,reports/report_20260610.html
2026-06-10,8021,尖點,TAKE_PROFIT,ENTRY_CAUTION_GROUP,過熱 OVERHEATED,55.00,556.00,OVERHEATED;追高,watchlist,reports/report_20260610.html
2026-06-10,8044,網家,WAIT,WATCH_GROUP,未就緒 NOT_READY,35.00,30.20,NOT_READY;上影;收弱,watchlist,reports/report_20260610.html
2026-06-10,8121,越峰,TAKE_PROFIT,ENTRY_CAUTION_GROUP,過熱 OVERHEATED,44.00,44.50,OVERHEATED;追高,watchlist,reports/report_20260610.html
2026-06-10,8182,加高,TAKE_PROFIT,ENTRY_CAUTION_GROUP,過熱 OVERHEATED,31.00,49.60,OVERHEATED;追高,watchlist,reports/report_20260610.html
2026-06-10,8404,百和興業-KY,WAIT,WATCH_GROUP,未就緒 NOT_READY,38.00,17.45,NOT_READY;上影;收弱,watchlist,reports/report_20260610.html
2026-06-10,8422,可寧衛*,TAKE_PROFIT,ENTRY_CAUTION_GROUP,過熱 OVERHEATED,41.00,30.25,OVERHEATED;追高,watchlist,reports/report_20260610.html
2026-06-10,8476,台境*,WAIT,WATCH_GROUP,未就緒 NOT_READY,45.00,19.05,NOT_READY,watchlist,reports/report_20260610.html
2026-06-10,8926,台汽電,WATCH_CLOSELY,WATCH_GROUP,主升 MAIN_RUN,41.00,75.00,MAIN_RUN;上影;收弱,watchlist,reports/report_20260610.html
2026-06-10,8932,智通*,WAIT,WATCH_GROUP,未就緒 NOT_READY,31.00,98.60,NOT_READY;上影;收弱,watchlist,reports/report_20260610.html
2026-06-10,8996,高力,TAKE_PROFIT,ENTRY_CAUTION_GROUP,過熱 OVERHEATED,31.00,1220.00,OVERHEATED;追高,watchlist,reports/report_20260610.html
2026-06-10,9904,寶成,WAIT,WATCH_GROUP,未就緒 NOT_READY,38.00,26.50,NOT_READY;上影;收弱,watchlist,reports/report_20260610.html
2026-06-10,9910,豐泰,TAKE_PROFIT,ENTRY_CAUTION_GROUP,過熱 OVERHEATED,39.00,94.00,OVERHEATED;追高,watchlist,reports/report_20260610.html
2026-06-10,9917,中保科,PREPARE_ENTRY,BUY_GROUP,突破前 PRE_BREAKOUT,68.00,118.50,PRE_BREAKOUT;量不足,watchlist,reports/report_20260610.html
2026-06-10,9946,三發地產,WAIT,WATCH_GROUP,未就緒 NOT_READY,47.00,17.80,NOT_READY,watchlist,reports/report_20260610.html
2026-06-10,9958,世紀鋼,WATCH_CLOSELY,WATCH_GROUP,築底 BASE_BUILDING,47.00,111.00,BASE_BUILDING;族群轉弱,watchlist,reports/report_20260610.html
2026-06-11,1104,環泥,WATCH_CLOSELY,WATCH_GROUP,築底 BASE_BUILDING,65.00,29.00,BASE_BUILDING,watchlist,reports/report_20260611.html
2026-06-11,1210,大成,WATCH_CLOSELY,WATCH_GROUP,築底 BASE_BUILDING,65.00,55.70,BASE_BUILDING,watchlist,reports/report_20260611.html
2026-06-11,1402,遠東新,PREPARE_ENTRY,BUY_GROUP,突破前 PRE_BREAKOUT,70.00,27.40,PRE_BREAKOUT;量不足,watchlist,reports/report_20260611.html
2026-06-11,1708,東鹼,WAIT,WATCH_GROUP,未就緒 NOT_READY,45.00,45.55,NOT_READY;上影;收弱,watchlist,reports/report_20260611.html
2026-06-11,1727,中華化,REMOVE_FROM_WATCHLIST,REDUCE_GROUP,失敗 FAILED,34.00,85.50,FAILED;跌破支撐,watchlist,reports/report_20260611.html
2026-06-11,1786,科妍,WAIT,WATCH_GROUP,未就緒 NOT_READY,38.00,56.70,NOT_READY,watchlist,reports/report_20260611.html
2026-06-11,1789,神隆,WAIT,WATCH_GROUP,未就緒 NOT_READY,38.00,19.60,NOT_READY;上影;收弱,watchlist,reports/report_20260611.html
2026-06-11,1808,潤隆,WAIT,WATCH_GROUP,未就緒 NOT_READY,47.00,31.20,NOT_READY;上影;收弱,watchlist,reports/report_20260611.html
2026-06-11,1907,永豐餘,WAIT,WATCH_GROUP,未就緒 NOT_READY,54.00,25.70,NOT_READY;上影;收弱,watchlist,reports/report_20260611.html
2026-06-11,2025,千興,TAKE_PROFIT,ENTRY_CAUTION_GROUP,過熱 OVERHEATED,35.00,13.90,OVERHEATED;追高,watchlist,reports/report_20260611.html
2026-06-11,2030,彰源,WAIT,WATCH_GROUP,未就緒 NOT_READY,44.00,18.15,NOT_READY,watchlist,reports/report_20260611.html
2026-06-11,2059,川湖,WATCH_CLOSELY,WATCH_GROUP,主升 MAIN_RUN,39.00,6400.00,MAIN_RUN,watchlist,reports/report_20260611.html
2026-06-11,2207,和泰車,BUY,BUY_GROUP,,0.00,489.50,,market,reports/report_20260611.html
2026-06-11,2241,艾姆勒,WATCH_CLOSELY,WATCH_GROUP,主升 MAIN_RUN,35.00,40.05,MAIN_RUN;上影;收弱,watchlist,reports/report_20260611.html
2026-06-11,2243,宏旭-KY,TAKE_PROFIT,ENTRY_CAUTION_GROUP,過熱 OVERHEATED,40.00,33.85,OVERHEATED;追高,watchlist,reports/report_20260611.html
2026-06-11,2313,華通,WAIT,WATCH_GROUP,未就緒 NOT_READY,44.00,275.00,NOT_READY,watchlist,reports/report_20260611.html
2026-06-11,2348,海悅,TAKE_PROFIT,ENTRY_CAUTION_GROUP,過熱 OVERHEATED,31.00,72.60,OVERHEATED;追高,watchlist,reports/report_20260611.html
2026-06-11,2413,環科,TAKE_PROFIT,ENTRY_CAUTION_GROUP,過熱 OVERHEATED,34.00,57.50,OVERHEATED;追高,watchlist,reports/report_20260611.html
2026-06-11,2414,精技,BUY,BUY_GROUP,,0.00,63.00,,market,reports/report_20260611.html
2026-06-11,2457,飛宏,REMOVE_FROM_WATCHLIST,REDUCE_GROUP,失敗 FAILED,38.00,28.80,FAILED;跌破支撐,watchlist,reports/report_20260611.html
2026-06-11,2462,良得電,WAIT,WATCH_GROUP,未就緒 NOT_READY,35.00,25.00,NOT_READY;上影;收弱,watchlist,reports/report_20260611.html
2026-06-11,2478,大毅,TAKE_PROFIT,ENTRY_CAUTION_GROUP,過熱 OVERHEATED,52.00,177.50,OVERHEATED;追高,watchlist,reports/report_20260611.html
2026-06-11,2484,希華,TAKE_PROFIT,ENTRY_CAUTION_GROUP,過熱 OVERHEATED,44.00,60.70,OVERHEATED;追高,watchlist,reports/report_20260611.html
2026-06-11,2493,揚博,WATCH_CLOSELY,WATCH_GROUP,主升 MAIN_RUN,48.00,188.50,MAIN_RUN,watchlist,reports/report_20260611.html
2026-06-11,2497,怡利電,WAIT,WATCH_GROUP,未就緒 NOT_READY,35.00,63.00,NOT_READY;上影;收弱,watchlist,reports/report_20260611.html
2026-06-11,2501,國建,TAKE_PROFIT,ENTRY_CAUTION_GROUP,過熱 OVERHEATED,34.00,25.75,OVERHEATED;追高,watchlist,reports/report_20260611.html
2026-06-11,2504,國產,WAIT,WATCH_GROUP,未就緒 NOT_READY,46.00,37.00,NOT_READY,watchlist,reports/report_20260611.html
2026-06-11,2505,國揚,WAIT,WATCH_GROUP,未就緒 NOT_READY,38.00,18.60,NOT_READY;上影;收弱,watchlist,reports/report_20260611.html
2026-06-11,2520,冠德,TAKE_PROFIT,ENTRY_CAUTION_GROUP,過熱 OVERHEATED,31.00,33.40,OVERHEATED;追高,watchlist,reports/report_20260611.html
2026-06-11,2534,宏盛,WAIT,WATCH_GROUP,未就緒 NOT_READY,52.00,18.55,NOT_READY,watchlist,reports/report_20260611.html
2026-06-11,2536,宏普,WAIT,WATCH_GROUP,未就緒 NOT_READY,58.00,21.65,NOT_READY,watchlist,reports/report_20260611.html
2026-06-11,2540,愛山林,WAIT,WATCH_GROUP,未就緒 NOT_READY,38.00,53.30,NOT_READY,watchlist,reports/report_20260611.html
2026-06-11,2542,興富發,WAIT,WATCH_GROUP,未就緒 NOT_READY,41.00,45.35,NOT_READY,watchlist,reports/report_20260611.html
2026-06-11,2543,皇昌,WAIT,WATCH_GROUP,未就緒 NOT_READY,35.00,46.80,NOT_READY;上影;收弱,watchlist,reports/report_20260611.html
2026-06-11,2547,日勝生,WAIT,WATCH_GROUP,未就緒 NOT_READY,49.00,11.00,NOT_READY,watchlist,reports/report_20260611.html
2026-06-11,2597,潤弘,WATCH_CLOSELY,WATCH_GROUP,主升 MAIN_RUN,47.00,204.00,MAIN_RUN,watchlist,reports/report_20260611.html
2026-06-11,2607,榮運,WATCH_CLOSELY,WATCH_GROUP,築底 BASE_BUILDING,52.00,49.70,BASE_BUILDING,watchlist,reports/report_20260611.html
2026-06-11,2617,台航,WATCH_CLOSELY,WATCH_GROUP,築底 BASE_BUILDING,53.00,29.60,BASE_BUILDING,watchlist,reports/report_20260611.html
2026-06-11,2636,台驊控股,PREPARE_ENTRY,BUY_GROUP,突破前 PRE_BREAKOUT,70.00,70.80,PRE_BREAKOUT;量不足,watchlist,reports/report_20260611.html
2026-06-11,2645,長榮航太,WAIT,WATCH_GROUP,未就緒 NOT_READY,48.00,167.00,NOT_READY;上影;收弱,watchlist,reports/report_20260611.html
2026-06-11,2801,彰銀,WAIT,WATCH_GROUP,未就緒 NOT_READY,58.00,22.35,NOT_READY,watchlist,reports/report_20260611.html
2026-06-11,2820,華票,WATCH_CLOSELY,WATCH_GROUP,築底 BASE_BUILDING,61.00,17.60,BASE_BUILDING,watchlist,reports/report_20260611.html
2026-06-11,2834,臺企銀,WATCH_CLOSELY,WATCH_GROUP,築底 BASE_BUILDING,63.00,17.00,BASE_BUILDING,watchlist,reports/report_20260611.html
2026-06-11,2836,高雄銀,PREPARE_ENTRY,BUY_GROUP,突破前 PRE_BREAKOUT,60.00,12.20,PRE_BREAKOUT;量不足,watchlist,reports/report_20260611.html
2026-06-11,2838,聯邦銀,PREPARE_ENTRY,BUY_GROUP,突破前 PRE_BREAKOUT,70.00,21.65,PRE_BREAKOUT;量不足,watchlist,reports/report_20260611.html
2026-06-11,2845,遠東銀,PREPARE_ENTRY,BUY_GROUP,突破前 PRE_BREAKOUT,67.00,12.85,PRE_BREAKOUT,watchlist,reports/report_20260611.html
2026-06-11,2850,新產,WAIT,WATCH_GROUP,未就緒 NOT_READY,64.00,151.00,NOT_READY,watchlist,reports/report_20260611.html
2026-06-11,2851,中再保,WAIT,WATCH_GROUP,未就緒 NOT_READY,57.00,36.45,NOT_READY;上影;收弱,watchlist,reports/report_20260611.html
2026-06-11,2883,凱基金,WAIT,WATCH_GROUP,未就緒 NOT_READY,53.00,27.75,NOT_READY;上影;收弱,watchlist,reports/report_20260611.html
2026-06-11,2884,玉山金,WATCH_CLOSELY,WATCH_GROUP,築底 BASE_BUILDING,63.00,33.85,BASE_BUILDING,watchlist,reports/report_20260611.html
2026-06-11,2897,王道銀行,PREPARE_ENTRY,BUY_GROUP,突破前 PRE_BREAKOUT,70.00,10.50,PRE_BREAKOUT;量不足,watchlist,reports/report_20260611.html
2026-06-11,2903,遠百,PREPARE_ENTRY,BUY_GROUP,突破前 PRE_BREAKOUT,63.00,23.25,PRE_BREAKOUT;量不足,watchlist,reports/report_20260611.html
2026-06-11,2905,三商,WATCH_CLOSELY,WATCH_GROUP,築底 BASE_BUILDING,52.00,14.30,BASE_BUILDING,watchlist,reports/report_20260611.html
2026-06-11,3003,健和興,WAIT,WATCH_GROUP,未就緒 NOT_READY,60.00,67.00,NOT_READY,watchlist,reports/report_20260611.html
2026-06-11,3004,豐達科,WATCH_CLOSELY,WATCH_GROUP,築底 BASE_BUILDING,54.00,132.00,BASE_BUILDING,watchlist,reports/report_20260611.html
2026-06-11,3022,威強電,WATCH_CLOSELY,WATCH_GROUP,主升 MAIN_RUN,48.00,86.20,MAIN_RUN,watchlist,reports/report_20260611.html
2026-06-11,3025,星通,WAIT,WATCH_GROUP,未就緒 NOT_READY,47.00,69.70,NOT_READY,watchlist,reports/report_20260611.html
2026-06-11,3033,威健,WAIT,WATCH_GROUP,未就緒 NOT_READY,39.00,49.70,NOT_READY,watchlist,reports/report_20260611.html
2026-06-11,3042,晶技,WATCH_CLOSELY,WATCH_GROUP,主升 MAIN_RUN,45.00,235.00,MAIN_RUN,watchlist,reports/report_20260611.html
2026-06-11,3048,益登,WATCH_CLOSELY,WATCH_GROUP,主升 MAIN_RUN,45.00,75.00,MAIN_RUN,watchlist,reports/report_20260611.html
2026-06-11,3056,富華新,WAIT,WATCH_GROUP,未就緒 NOT_READY,45.00,14.60,NOT_READY;上影;收弱,watchlist,reports/report_20260611.html
2026-06-11,3088,AXIOMTEK CO,WAIT,WATCH_GROUP,未就緒 NOT_READY,44.00,145.00,NOT_READY,watchlist,reports/report_20260611.html
2026-06-11,3093,港建*,WAIT,WATCH_GROUP,未就緒 NOT_READY,42.00,60.30,NOT_READY,watchlist,reports/report_20260611.html
2026-06-11,3152,ADVANCED CERAMIC X CORP,TAKE_PROFIT,ENTRY_CAUTION_GROUP,過熱 OVERHEATED,38.00,355.55,OVERHEATED;追高,watchlist,reports/report_20260611.html
2026-06-11,3167,大量,WAIT,WATCH_GROUP,未就緒 NOT_READY,54.00,847.00,NOT_READY,watchlist,reports/report_20260611.html
2026-06-11,3221,台嘉碩,TAKE_PROFIT,ENTRY_CAUTION_GROUP,過熱 OVERHEATED,40.00,60.00,OVERHEATED;追高,watchlist,reports/report_20260611.html
2026-06-11,3290,東浦,TAKE_PROFIT,ENTRY_CAUTION_GROUP,過熱 OVERHEATED,39.00,63.60,OVERHEATED;追高,watchlist,reports/report_20260611.html
2026-06-11,3293,鈊象,WAIT,WATCH_GROUP,未就緒 NOT_READY,35.00,762.00,NOT_READY;上影;收弱,watchlist,reports/report_20260611.html
2026-06-11,3321,同泰,WAIT,WATCH_GROUP,未就緒 NOT_READY,35.00,19.65,NOT_READY;上影;收弱,watchlist,reports/report_20260611.html
2026-06-11,3322,建舜電,WAIT,WATCH_GROUP,未就緒 NOT_READY,38.00,14.65,NOT_READY;上影;收弱,watchlist,reports/report_20260611.html
2026-06-11,3362,ABILITY OPTO-ELECTRONICS TECHNO,TAKE_PROFIT,ENTRY_CAUTION_GROUP,過熱 OVERHEATED,31.00,164.00,OVERHEATED;追高,watchlist,reports/report_20260611.html
2026-06-11,3441,UNIQUE OPTO-ELECTRONICS CO LTD,TAKE_PROFIT,ENTRY_CAUTION_GROUP,過熱 OVERHEATED,40.00,71.50,OVERHEATED;追高,watchlist,reports/report_20260611.html
2026-06-11,3504,揚明光,REMOVE_FROM_WATCHLIST,REDUCE_GROUP,失敗 FAILED,34.00,75.80,FAILED;跌破支撐,watchlist,reports/report_20260611.html
2026-06-11,3520,華盈,WAIT,WATCH_GROUP,未就緒 NOT_READY,42.00,17.40,NOT_READY,watchlist,reports/report_20260611.html
2026-06-11,3550,聯穎,WATCH_CLOSELY,WATCH_GROUP,主升 MAIN_RUN,44.00,28.60,MAIN_RUN,watchlist,reports/report_20260611.html
2026-06-11,3630,新鉅科,WATCH_CLOSELY,WATCH_GROUP,主升 MAIN_RUN,42.00,30.10,MAIN_RUN,watchlist,reports/report_20260611.html
2026-06-11,3703,欣陸,WATCH_CLOSELY,WATCH_GROUP,築底 BASE_BUILDING,52.00,21.80,BASE_BUILDING,watchlist,reports/report_20260611.html
2026-06-11,4155,訊映,WAIT,WATCH_GROUP,未就緒 NOT_READY,44.00,15.35,NOT_READY;上影;收弱,watchlist,reports/report_20260611.html
2026-06-11,4162,PHARMAENGINE INC,WATCH_CLOSELY,WATCH_GROUP,築底 BASE_BUILDING,53.00,57.40,BASE_BUILDING,watchlist,reports/report_20260611.html
2026-06-11,4164,承業醫,WAIT,WATCH_GROUP,未就緒 NOT_READY,45.00,30.60,NOT_READY;上影;收弱,watchlist,reports/report_20260611.html
2026-06-11,4168,GLYCONEX INCORPORATION,BUY,BUY_GROUP,,0.00,27.75,,market,reports/report_20260611.html
2026-06-11,4513,FALCON MACHINE TOOLS,TAKE_PROFIT,ENTRY_CAUTION_GROUP,過熱 OVERHEATED,38.00,15.50,OVERHEATED;追高,watchlist,reports/report_20260611.html
2026-06-11,4542,科嶠,TAKE_PROFIT,ENTRY_CAUTION_GROUP,過熱 OVERHEATED,38.00,305.00,OVERHEATED;追高,watchlist,reports/report_20260611.html
2026-06-11,4739,康普,WATCH_CLOSELY,WATCH_GROUP,主升 MAIN_RUN,38.00,123.50,MAIN_RUN;上影;收弱,watchlist,reports/report_20260611.html
2026-06-11,4763,材料*-KY,WAIT,WATCH_GROUP,未就緒 NOT_READY,51.00,43.75,NOT_READY,watchlist,reports/report_20260611.html
2026-06-11,4915,致伸,WATCH_CLOSELY,WATCH_GROUP,築底 BASE_BUILDING,49.00,75.20,BASE_BUILDING,watchlist,reports/report_20260611.html
2026-06-11,4931,新盛力,WAIT,WATCH_GROUP,未就緒 NOT_READY,35.00,234.00,NOT_READY;上影;收弱,watchlist,reports/report_20260611.html
2026-06-11,4976,佳凌,WAIT,WATCH_GROUP,未就緒 NOT_READY,42.00,32.85,NOT_READY,watchlist,reports/report_20260611.html
2026-06-11,5210,寶碩,PULLBACK_BUY,BUY_GROUP,主升 MAIN_RUN,35.00,30.50,MAIN_RUN;上影;收弱,watchlist,reports/report_20260611.html
2026-06-11,5289,宜鼎,REMOVE_FROM_WATCHLIST,REDUCE_GROUP,失敗 FAILED,34.00,1710.00,FAILED;跌破支撐,watchlist,reports/report_20260611.html
2026-06-11,5426,振發,WAIT,WATCH_GROUP,未就緒 NOT_READY,38.00,32.45,NOT_READY,watchlist,reports/report_20260611.html
2026-06-11,5493,三聯,WAIT,WATCH_GROUP,未就緒 NOT_READY,35.00,92.60,NOT_READY;上影;收弱,watchlist,reports/report_20260611.html
2026-06-11,5508,永信建,TAKE_PROFIT,ENTRY_CAUTION_GROUP,過熱 OVERHEATED,31.00,54.90,OVERHEATED;追高,watchlist,reports/report_20260611.html
2026-06-11,5515,建國,WAIT,WATCH_GROUP,未就緒 NOT_READY,48.00,43.50,NOT_READY,watchlist,reports/report_20260611.html
2026-06-11,5522,遠雄,TAKE_PROFIT,ENTRY_CAUTION_GROUP,過熱 OVERHEATED,38.00,80.00,OVERHEATED;追高,watchlist,reports/report_20260611.html
2026-06-11,5607,遠雄港,WAIT,WATCH_GROUP,未就緒 NOT_READY,44.00,52.60,NOT_READY;上影;收弱,watchlist,reports/report_20260611.html
2026-06-11,5876,上海商銀,WATCH_CLOSELY,WATCH_GROUP,築底 BASE_BUILDING,62.00,42.00,BASE_BUILDING,watchlist,reports/report_20260611.html
2026-06-11,5880,合庫,WATCH_CLOSELY,WATCH_GROUP,築底 BASE_BUILDING,71.00,23.85,BASE_BUILDING,watchlist,reports/report_20260611.html
2026-06-11,6113,ASEC INTERNATIONAL CORP,BUY,BUY_GROUP,,0.00,27.15,,market,reports/report_20260611.html
2026-06-11,6127,九豪,WATCH_CLOSELY,WATCH_GROUP,主升 MAIN_RUN,45.00,79.00,MAIN_RUN,watchlist,reports/report_20260611.html
2026-06-11,6153,聯益嘉,WAIT,WATCH_GROUP,未就緒 NOT_READY,38.00,20.30,NOT_READY;上影;收弱,watchlist,reports/report_20260611.html
2026-06-11,6165,浪凡,WAIT,WATCH_GROUP,未就緒 NOT_READY,41.00,48.40,NOT_READY;上影;收弱,watchlist,reports/report_20260611.html
2026-06-11,6174,安,WATCH_CLOSELY,WATCH_GROUP,主升 MAIN_RUN,48.00,51.70,MAIN_RUN,watchlist,reports/report_20260611.html
2026-06-11,6175,立敦,WATCH_CLOSELY,WATCH_GROUP,主升 MAIN_RUN,48.00,103.00,MAIN_RUN,watchlist,reports/report_20260611.html
2026-06-11,6180,GAMANIA DIGITAL ENTERTAINMENT C,TAKE_PROFIT,ENTRY_CAUTION_GROUP,過熱 OVERHEATED,31.00,45.25,OVERHEATED;追高,watchlist,reports/report_20260611.html
2026-06-11,6186,SHIN RUENN DEVELOPMENT CO LTD,WAIT,WATCH_GROUP,未就緒 NOT_READY,47.00,41.00,NOT_READY;上影;收弱,watchlist,reports/report_20260611.html
2026-06-11,6189,豐藝,WAIT,WATCH_GROUP,未就緒 NOT_READY,40.00,52.30,NOT_READY;上影;收弱,watchlist,reports/report_20260611.html
2026-06-11,6197,佳必琪,WAIT,WATCH_GROUP,未就緒 NOT_READY,38.00,317.50,NOT_READY;上影;收弱,watchlist,reports/report_20260611.html
2026-06-11,6209,今國光,REMOVE_FROM_WATCHLIST,REDUCE_GROUP,失敗 FAILED,38.00,79.30,FAILED;跌破支撐,watchlist,reports/report_20260611.html
2026-06-11,6219,FULL WANG INTERNATIONAL DEVELOP,TAKE_PROFIT,ENTRY_CAUTION_GROUP,過熱 OVERHEATED,35.00,12.55,OVERHEATED;追高,watchlist,reports/report_20260611.html
2026-06-11,6259,BULL WILL CO,BUY,BUY_GROUP,,0.00,29.75,,market,reports/report_20260611.html
2026-06-11,6270,倍微,WAIT,WATCH_GROUP,未就緒 NOT_READY,35.00,35.20,NOT_READY;上影;收弱,watchlist,reports/report_20260611.html
2026-06-11,6414,樺漢,WAIT,WATCH_GROUP,未就緒 NOT_READY,42.00,395.00,NOT_READY,watchlist,reports/report_20260611.html
2026-06-11,6432,今展科,WATCH_CLOSELY,WATCH_GROUP,主升 MAIN_RUN,35.00,72.90,MAIN_RUN;上影;收弱,watchlist,reports/report_20260611.html
2026-06-11,6442,光聖,REMOVE_FROM_WATCHLIST,REDUCE_GROUP,失敗 FAILED,38.00,1820.00,FAILED;跌破支撐,watchlist,reports/report_20260611.html
2026-06-11,6469,大樹,TAKE_PROFIT,ENTRY_CAUTION_GROUP,過熱 OVERHEATED,53.00,76.90,OVERHEATED;追高,watchlist,reports/report_20260611.html
2026-06-11,6570,APLEX TECHNOLOGY INC,WAIT,WATCH_GROUP,未就緒 NOT_READY,38.00,56.70,NOT_READY,watchlist,reports/report_20260611.html
2026-06-11,6585,鼎基,WATCH_CLOSELY,WATCH_GROUP,主升 MAIN_RUN,31.00,124.50,MAIN_RUN;上影;收弱,watchlist,reports/report_20260611.html
2026-06-11,6642,FUZETEC TECHNOLOGY CO LTD,WAIT,WATCH_GROUP,未就緒 NOT_READY,38.00,83.60,NOT_READY,watchlist,reports/report_20260611.html
2026-06-11,6667,信紘科,WAIT,WATCH_GROUP,未就緒 NOT_READY,43.00,263.50,NOT_READY;上影;收弱,watchlist,reports/report_20260611.html
2026-06-11,6672,騰輝電子-KY,WAIT,WATCH_GROUP,未就緒 NOT_READY,50.00,213.50,NOT_READY;上影;收弱,watchlist,reports/report_20260611.html
2026-06-11,6693,廣閎科,WAIT,WATCH_GROUP,未就緒 NOT_READY,38.00,155.00,NOT_READY;上影;收弱,watchlist,reports/report_20260611.html
2026-06-11,6788,華景電,WAIT,WATCH_GROUP,未就緒 NOT_READY,35.00,404.50,NOT_READY;上影;收弱,watchlist,reports/report_20260611.html
2026-06-11,6831,邁科,WAIT,WATCH_GROUP,未就緒 NOT_READY,38.00,719.00,NOT_READY,watchlist,reports/report_20260611.html
2026-06-11,6841,長佳智能,WAIT,WATCH_GROUP,未就緒 NOT_READY,38.00,60.30,NOT_READY;上影;收弱,watchlist,reports/report_20260611.html
2026-06-11,6885,全福生技,WAIT,WATCH_GROUP,未就緒 NOT_READY,35.00,22.95,NOT_READY;上影;收弱,watchlist,reports/report_20260611.html
2026-06-11,6901,鑽石投資,WAIT,WATCH_GROUP,未就緒 NOT_READY,39.00,16.05,NOT_READY,watchlist,reports/report_20260611.html
2026-06-11,7749,意騰-KY,WAIT,WATCH_GROUP,未就緒 NOT_READY,31.00,508.00,NOT_READY;上影;收弱,watchlist,reports/report_20260611.html
2026-06-11,7780,大研生醫*,WAIT,WATCH_GROUP,未就緒 NOT_READY,47.00,18.40,NOT_READY,watchlist,reports/report_20260611.html
2026-06-11,8021,尖點,TAKE_PROFIT,ENTRY_CAUTION_GROUP,過熱 OVERHEATED,60.00,570.00,OVERHEATED;追高,watchlist,reports/report_20260611.html
2026-06-11,8044,網家,WAIT,WATCH_GROUP,未就緒 NOT_READY,35.00,29.55,NOT_READY;上影;收弱,watchlist,reports/report_20260611.html
2026-06-11,8071,ABICO NETCOM CO LTD,BUY,BUY_GROUP,,0.00,24.95,,market,reports/report_20260611.html
2026-06-11,8121,越峰,WATCH_CLOSELY,WATCH_GROUP,主升 MAIN_RUN,42.00,43.50,MAIN_RUN,watchlist,reports/report_20260611.html
2026-06-11,8182,加高,TAKE_PROFIT,ENTRY_CAUTION_GROUP,過熱 OVERHEATED,48.00,54.50,OVERHEATED;追高,watchlist,reports/report_20260611.html
2026-06-11,8404,百和興業-KY,WATCH_CLOSELY,WATCH_GROUP,築底 BASE_BUILDING,53.00,17.25,BASE_BUILDING,watchlist,reports/report_20260611.html
2026-06-11,8422,可寧衛*,WAIT,WATCH_GROUP,未就緒 NOT_READY,35.00,29.25,NOT_READY;上影;收弱,watchlist,reports/report_20260611.html
2026-06-11,8476,台境*,WATCH_CLOSELY,WATCH_GROUP,主升 MAIN_RUN,45.00,19.15,MAIN_RUN,watchlist,reports/report_20260611.html
2026-06-11,8926,台汽電,WATCH_CLOSELY,WATCH_GROUP,主升 MAIN_RUN,39.00,75.50,MAIN_RUN,watchlist,reports/report_20260611.html
2026-06-11,8932,智通*,WAIT,WATCH_GROUP,未就緒 NOT_READY,34.00,98.20,NOT_READY;上影;收弱,watchlist,reports/report_20260611.html
2026-06-11,8996,高力,WAIT,WATCH_GROUP,未就緒 NOT_READY,35.00,1140.00,NOT_READY;上影;收弱,watchlist,reports/report_20260611.html
2026-06-11,9904,寶成,WAIT,WATCH_GROUP,未就緒 NOT_READY,45.00,26.30,NOT_READY,watchlist,reports/report_20260611.html
2026-06-11,9910,豐泰,TAKE_PROFIT,ENTRY_CAUTION_GROUP,過熱 OVERHEATED,39.00,97.00,OVERHEATED;追高,watchlist,reports/report_20260611.html
2026-06-11,9917,中保科,PREPARE_ENTRY,BUY_GROUP,突破前 PRE_BREAKOUT,74.00,120.00,PRE_BREAKOUT,watchlist,reports/report_20260611.html
2026-06-11,9939,宏全,WAIT,WATCH_GROUP,未就緒 NOT_READY,62.00,132.00,NOT_READY,watchlist,reports/report_20260611.html
2026-06-11,9945,潤泰新,WAIT,WATCH_GROUP,未就緒 NOT_READY,51.00,26.05,NOT_READY,watchlist,reports/report_20260611.html
2026-06-11,9946,三發地產,WAIT,WATCH_GROUP,未就緒 NOT_READY,44.00,17.80,NOT_READY;上影;收弱,watchlist,reports/report_20260611.html
2026-06-11,9958,世紀鋼,WAIT,WATCH_GROUP,未就緒 NOT_READY,69.00,111.50,NOT_READY,watchlist,reports/report_20260611.html
2026-06-12,0050,元大台灣50,TAKE PROFIT,REDUCE_GROUP,,0.00,101.95,,positions,reports/report_20260612.html
2026-06-12,0052,富邦科技,TAKE PROFIT,REDUCE_GROUP,,0.00,59.60,,positions,reports/report_20260612.html
2026-06-12,00878,國泰永續高股息,TAKE PROFIT,REDUCE_GROUP,,0.00,32.05,,positions,reports/report_20260612.html
2026-06-12,00892,富邦台灣半導體,TAKE PROFIT,REDUCE_GROUP,,0.00,43.34,,positions,reports/report_20260612.html
2026-06-12,1104,環泥,WATCH_CLOSELY,WATCH_GROUP,築底 BASE_BUILDING,80.00,29.20,BASE_BUILDING,watchlist,reports/report_20260612.html
2026-06-12,1210,大成,WATCH_CLOSELY,WATCH_GROUP,築底 BASE_BUILDING,62.00,55.30,BASE_BUILDING,watchlist,reports/report_20260612.html
2026-06-12,1402,遠東新,WATCH_CLOSELY,WATCH_GROUP,築底 BASE_BUILDING,60.00,27.00,BASE_BUILDING;上影;收弱,watchlist,reports/report_20260612.html
2026-06-12,1708,東鹼,WATCH_CLOSELY,WATCH_GROUP,主升 MAIN_RUN,58.00,48.00,MAIN_RUN,watchlist,reports/report_20260612.html
2026-06-12,1727,中華化,REMOVE_FROM_WATCHLIST,REDUCE_GROUP,失敗 FAILED,31.00,85.40,FAILED;跌破支撐,watchlist,reports/report_20260612.html
2026-06-12,1786,科妍,WAIT,WATCH_GROUP,未就緒 NOT_READY,55.00,56.40,NOT_READY;上影;收弱,watchlist,reports/report_20260612.html
2026-06-12,1789,神隆,WAIT,WATCH_GROUP,未就緒 NOT_READY,41.00,19.90,NOT_READY,watchlist,reports/report_20260612.html
2026-06-12,1808,潤隆,WAIT,WATCH_GROUP,未就緒 NOT_READY,67.00,31.90,NOT_READY,watchlist,reports/report_20260612.html
2026-06-12,1907,永豐餘,WATCH_CLOSELY,WATCH_GROUP,築底 BASE_BUILDING,61.00,25.80,BASE_BUILDING;上影;收弱,watchlist,reports/report_20260612.html
2026-06-12,2025,千興,WAIT,WATCH_GROUP,未就緒 NOT_READY,48.00,14.10,NOT_READY,watchlist,reports/report_20260612.html
2026-06-12,2030,彰源,WAIT,WATCH_GROUP,未就緒 NOT_READY,50.00,18.45,NOT_READY,watchlist,reports/report_20260612.html
2026-06-12,2059,川湖,WATCH_CLOSELY,WATCH_GROUP,主升 MAIN_RUN,48.00,6910.00,MAIN_RUN,watchlist,reports/report_20260612.html
2026-06-12,2241,艾姆勒,WATCH_CLOSELY,WATCH_GROUP,主升 MAIN_RUN,42.00,43.10,MAIN_RUN,watchlist,reports/report_20260612.html
2026-06-12,2243,宏旭-KY,TAKE_PROFIT,ENTRY_CAUTION_GROUP,過熱 OVERHEATED,39.00,37.20,OVERHEATED;追高,watchlist,reports/report_20260612.html
2026-06-12,2301,光寶科,SELL,REDUCE_GROUP,,0.00,217.00,,positions,reports/report_20260612.html
2026-06-12,2303,聯電,WAIT,WATCH_GROUP,未就緒 NOT_READY,37.00,133.50,NOT_READY;上影;收弱,watchlist,reports/report_20260612.html
2026-06-12,2313,華通,WAIT,WATCH_GROUP,未就緒 NOT_READY,31.00,263.00,NOT_READY;上影;收弱,watchlist,reports/report_20260612.html
2026-06-12,2313,華通,REDUCE,REDUCE_GROUP,,0.00,263.00,,positions,reports/report_20260612.html
2026-06-12,2317,鴻海,TAKE PROFIT,REDUCE_GROUP,,0.00,260.50,,positions,reports/report_20260612.html
2026-06-12,2327,國巨,TAKE PROFIT,REDUCE_GROUP,,0.00,855.00,,positions,reports/report_20260612.html
2026-06-12,2330,台積電,TAKE PROFIT,REDUCE_GROUP,,0.00,2310.00,,positions,reports/report_20260612.html
2026-06-12,2348,海悅,TAKE_PROFIT,ENTRY_CAUTION_GROUP,過熱 OVERHEATED,44.00,72.80,OVERHEATED;追高,watchlist,reports/report_20260612.html
2026-06-12,2356,英業達,TAKE PROFIT,REDUCE_GROUP,,0.00,66.20,,positions,reports/report_20260612.html
2026-06-12,2404,漢唐,WATCH_CLOSELY,WATCH_GROUP,主升 MAIN_RUN,51.00,1310.00,MAIN_RUN,watchlist,reports/report_20260612.html
2026-06-12,2406,國碩,TAKE_PROFIT,ENTRY_CAUTION_GROUP,過熱 OVERHEATED,27.00,39.00,OVERHEATED;追高,watchlist,reports/report_20260612.html
2026-06-12,2412,中華電,TAKE PROFIT,REDUCE_GROUP,,0.00,145.00,,positions,reports/report_20260612.html
2026-06-12,2413,環科,TAKE_PROFIT,ENTRY_CAUTION_GROUP,過熱 OVERHEATED,41.00,61.20,OVERHEATED;追高,watchlist,reports/report_20260612.html
2026-06-12,2449,京元電子,SELL,REDUCE_GROUP,,0.00,282.00,,positions,reports/report_20260612.html
2026-06-12,2457,飛宏,WATCH_CLOSELY,WATCH_GROUP,主升 MAIN_RUN,50.00,30.10,MAIN_RUN;上影;收弱,watchlist,reports/report_20260612.html
2026-06-12,2462,良得電,WAIT,WATCH_GROUP,未就緒 NOT_READY,35.00,24.85,NOT_READY;上影;收弱,watchlist,reports/report_20260612.html
2026-06-12,2478,大毅,TAKE_PROFIT,ENTRY_CAUTION_GROUP,過熱 OVERHEATED,39.00,171.50,OVERHEATED;追高,watchlist,reports/report_20260612.html
2026-06-12,2483,百容,TAKE_PROFIT,ENTRY_CAUTION_GROUP,過熱 OVERHEATED,41.00,38.10,OVERHEATED;追高,watchlist,reports/report_20260612.html
2026-06-12,2484,希華,TAKE_PROFIT,ENTRY_CAUTION_GROUP,過熱 OVERHEATED,48.00,66.70,OVERHEATED;追高,watchlist,reports/report_20260612.html
2026-06-12,2485,兆赫,SELL,REDUCE_GROUP,,0.00,64.80,,positions,reports/report_20260612.html
2026-06-12,2493,揚博,TAKE_PROFIT,ENTRY_CAUTION_GROUP,過熱 OVERHEATED,34.00,207.00,OVERHEATED;追高,watchlist,reports/report_20260612.html
2026-06-12,2497,怡利電,WAIT,WATCH_GROUP,未就緒 NOT_READY,35.00,63.90,NOT_READY;上影;收弱,watchlist,reports/report_20260612.html
2026-06-12,2501,國建,TAKE_PROFIT,ENTRY_CAUTION_GROUP,過熱 OVERHEATED,41.00,26.50,OVERHEATED;追高,watchlist,reports/report_20260612.html
2026-06-12,2504,國產,WAIT,WATCH_GROUP,未就緒 NOT_READY,46.00,36.95,NOT_READY,watchlist,reports/report_20260612.html
2026-06-12,2505,國揚,WAIT,WATCH_GROUP,未就緒 NOT_READY,38.00,18.80,NOT_READY;上影;收弱,watchlist,reports/report_20260612.html
2026-06-12,2520,冠德,WAIT,WATCH_GROUP,未就緒 NOT_READY,48.00,35.00,NOT_READY,watchlist,reports/report_20260612.html
2026-06-12,2534,宏盛,WAIT,WATCH_GROUP,未就緒 NOT_READY,48.00,18.60,NOT_READY;上影;收弱,watchlist,reports/report_20260612.html
2026-06-12,2536,宏普,WAIT,WATCH_GROUP,未就緒 NOT_READY,55.00,21.95,NOT_READY,watchlist,reports/report_20260612.html
2026-06-12,2540,愛山林,WAIT,WATCH_GROUP,未就緒 NOT_READY,31.00,53.00,NOT_READY;上影;收弱,watchlist,reports/report_20260612.html
2026-06-12,2542,興富發,WAIT,WATCH_GROUP,未就緒 NOT_READY,35.00,44.95,NOT_READY;上影;收弱,watchlist,reports/report_20260612.html
2026-06-12,2543,皇昌,WAIT,WATCH_GROUP,未就緒 NOT_READY,42.00,46.85,NOT_READY,watchlist,reports/report_20260612.html
2026-06-12,2547,日勝生,WAIT,WATCH_GROUP,未就緒 NOT_READY,51.00,11.10,NOT_READY;上影;收弱,watchlist,reports/report_20260612.html
2026-06-12,2597,潤弘,WAIT,WATCH_GROUP,未就緒 NOT_READY,35.00,190.50,NOT_READY;上影;收弱,watchlist,reports/report_20260612.html
2026-06-12,2607,榮運,WATCH_CLOSELY,WATCH_GROUP,築底 BASE_BUILDING,48.00,49.75,BASE_BUILDING;上影;收弱,watchlist,reports/report_20260612.html
2026-06-12,2617,台航,WATCH_CLOSELY,WATCH_GROUP,築底 BASE_BUILDING,59.00,30.00,BASE_BUILDING,watchlist,reports/report_20260612.html
2026-06-12,2618,長榮航,WAIT,WATCH_GROUP,未就緒 NOT_READY,59.00,38.70,NOT_READY;上影;收弱,watchlist,reports/report_20260612.html
2026-06-12,2636,台驊控股,PREPARE_ENTRY,BUY_GROUP,突破前 PRE_BREAKOUT,72.00,71.20,PRE_BREAKOUT;上影;收弱,watchlist,reports/report_20260612.html
2026-06-12,2645,長榮航太,WAIT,WATCH_GROUP,未就緒 NOT_READY,45.00,166.50,NOT_READY;上影;收弱,watchlist,reports/report_20260612.html
2026-06-12,2801,彰銀,WAIT,WATCH_GROUP,未就緒 NOT_READY,54.00,22.60,NOT_READY;上影;收弱,watchlist,reports/report_20260612.html
2026-06-12,2820,華票,WATCH_CLOSELY,WATCH_GROUP,築底 BASE_BUILDING,61.00,17.70,BASE_BUILDING,watchlist,reports/report_20260612.html
2026-06-12,2834,臺企銀,TAKE PROFIT,REDUCE_GROUP,,0.00,17.30,,positions,reports/report_20260612.html
2026-06-12,2834,臺企銀,WATCH_CLOSELY,WATCH_GROUP,築底 BASE_BUILDING,65.00,17.30,BASE_BUILDING;上影;收弱,watchlist,reports/report_20260612.html
2026-06-12,2836,高雄銀,TAKE_PROFIT,ENTRY_CAUTION_GROUP,過熱 OVERHEATED,65.00,12.25,OVERHEATED;追高,watchlist,reports/report_20260612.html
2026-06-12,2838,聯邦銀,PREPARE_ENTRY,BUY_GROUP,突破前 PRE_BREAKOUT,65.00,21.75,PRE_BREAKOUT;量不足,watchlist,reports/report_20260612.html
2026-06-12,2845,遠東銀,WATCH_CLOSELY,WATCH_GROUP,築底 BASE_BUILDING,62.00,12.95,BASE_BUILDING;上影;收弱,watchlist,reports/report_20260612.html
2026-06-12,2850,新產,WAIT,WATCH_GROUP,未就緒 NOT_READY,48.00,148.50,NOT_READY;上影;收弱,watchlist,reports/report_20260612.html
2026-06-12,2851,中再保,WAIT,WATCH_GROUP,未就緒 NOT_READY,62.00,37.15,NOT_READY,watchlist,reports/report_20260612.html
2026-06-12,2881,富邦金,TAKE PROFIT,REDUCE_GROUP,,0.00,122.00,,positions,reports/report_20260612.html
2026-06-12,2882,國泰金,TAKE PROFIT,REDUCE_GROUP,,0.00,100.50,,positions,reports/report_20260612.html
2026-06-12,2883,凱基金,WAIT,WATCH_GROUP,未就緒 NOT_READY,54.00,27.45,NOT_READY;上影;收弱,watchlist,reports/report_20260612.html
2026-06-12,2884,玉山金,WAIT,WATCH_GROUP,未就緒 NOT_READY,68.00,34.35,NOT_READY,watchlist,reports/report_20260612.html
2026-06-12,2891,中信金,TAKE PROFIT,REDUCE_GROUP,,0.00,67.60,,positions,reports/report_20260612.html
2026-06-12,2892,第一金,TAKE PROFIT,REDUCE_GROUP,,0.00,31.00,,positions,reports/report_20260612.html
2026-06-12,2897,王道銀行,PREPARE_ENTRY,BUY_GROUP,突破前 PRE_BREAKOUT,66.00,10.50,PRE_BREAKOUT;量不足,watchlist,reports/report_20260612.html
2026-06-12,2903,遠百,PREPARE_ENTRY,BUY_GROUP,突破前 PRE_BREAKOUT,66.00,23.85,PRE_BREAKOUT,watchlist,reports/report_20260612.html
2026-06-12,2905,三商,TAKE_PROFIT,ENTRY_CAUTION_GROUP,過熱 OVERHEATED,64.00,14.90,OVERHEATED;追高,watchlist,reports/report_20260612.html
2026-06-12,3003,健和興,TAKE_PROFIT,ENTRY_CAUTION_GROUP,過熱 OVERHEATED,50.00,63.90,OVERHEATED;追高,watchlist,reports/report_20260612.html
2026-06-12,3004,豐達科,WATCH_CLOSELY,WATCH_GROUP,築底 BASE_BUILDING,51.00,133.50,BASE_BUILDING;上影;收弱,watchlist,reports/report_20260612.html
2026-06-12,3016,嘉晶,TAKE PROFIT,REDUCE_GROUP,,0.00,114.00,,positions,reports/report_20260612.html
2026-06-12,3022,威強電,WATCH_CLOSELY,WATCH_GROUP,主升 MAIN_RUN,65.00,87.10,MAIN_RUN,watchlist,reports/report_20260612.html
2026-06-12,3025,星通,WATCH_CLOSELY,WATCH_GROUP,築底 BASE_BUILDING,44.00,71.10,BASE_BUILDING;上影;收弱,watchlist,reports/report_20260612.html
2026-06-12,3026,禾伸堂,TAKE PROFIT,REDUCE_GROUP,,0.00,764.00,,positions,reports/report_20260612.html
2026-06-12,3033,威健,WAIT,WATCH_GROUP,未就緒 NOT_READY,40.00,49.60,NOT_READY;上影;收弱,watchlist,reports/report_20260612.html
2026-06-12,3037,欣興,SELL,REDUCE_GROUP,,0.00,902.00,,positions,reports/report_20260612.html
2026-06-12,3042,晶技,TAKE_PROFIT,ENTRY_CAUTION_GROUP,過熱 OVERHEATED,31.00,224.50,OVERHEATED;追高,watchlist,reports/report_20260612.html
2026-06-12,3048,益登,WATCH_CLOSELY,WATCH_GROUP,主升 MAIN_RUN,35.00,73.00,MAIN_RUN;上影;收弱,watchlist,reports/report_20260612.html
2026-06-12,3056,富華新,WATCH_CLOSELY,WATCH_GROUP,築底 BASE_BUILDING,68.00,15.05,BASE_BUILDING,watchlist,reports/report_20260612.html
2026-06-12,3088,AXIOMTEK CO,WAIT,WATCH_GROUP,未就緒 NOT_READY,40.00,141.00,NOT_READY;上影;收弱,watchlist,reports/report_20260612.html
2026-06-12,3090,日電貿,BUY,BUY_GROUP,,0.00,256.00,,market,reports/report_20260612.html
2026-06-12,3090,日電貿,TAKE_PROFIT,ENTRY_CAUTION_GROUP,過熱 OVERHEATED,40.00,256.00,OVERHEATED;追高,watchlist,reports/report_20260612.html
2026-06-12,3093,港建*,WAIT,WATCH_GROUP,未就緒 NOT_READY,38.00,60.40,NOT_READY;上影;收弱,watchlist,reports/report_20260612.html
2026-06-12,3141,ULTRA CHIP INC,WAIT,WATCH_GROUP,未就緒 NOT_READY,31.00,71.50,NOT_READY;上影;收弱,watchlist,reports/report_20260612.html
2026-06-12,3149,正達,TAKE PROFIT,REDUCE_GROUP,,0.00,83.00,,positions,reports/report_20260612.html
2026-06-12,3152,ADVANCED CERAMIC X CORP,WATCH_CLOSELY,WATCH_GROUP,主升 MAIN_RUN,48.00,390.93,MAIN_RUN,watchlist,reports/report_20260612.html
2026-06-12,3167,大量,REMOVE_FROM_WATCHLIST,REDUCE_GROUP,失敗 FAILED,31.00,806.00,FAILED;跌破支撐,watchlist,reports/report_20260612.html
2026-06-12,3221,台嘉碩,WATCH_CLOSELY,WATCH_GROUP,主升 MAIN_RUN,35.00,60.40,MAIN_RUN;上影;收弱,watchlist,reports/report_20260612.html
2026-06-12,3236,ABC TAIWAN ELECTRONICS CORP,WATCH_CLOSELY,WATCH_GROUP,主升 MAIN_RUN,42.00,63.20,MAIN_RUN,watchlist,reports/report_20260612.html
2026-06-12,3290,東浦,TAKE_PROFIT,ENTRY_CAUTION_GROUP,過熱 OVERHEATED,31.00,61.40,OVERHEATED;追高,watchlist,reports/report_20260612.html
2026-06-12,3293,鈊象,WAIT,WATCH_GROUP,未就緒 NOT_READY,31.00,755.00,NOT_READY;上影;收弱,watchlist,reports/report_20260612.html
2026-06-12,3303,UNIVACCO TECHNOLOGY INC,WATCH_CLOSELY,WATCH_GROUP,主升 MAIN_RUN,47.00,58.90,MAIN_RUN,watchlist,reports/report_20260612.html
2026-06-12,3321,同泰,WATCH_CLOSELY,WATCH_GROUP,主升 MAIN_RUN,42.00,20.45,MAIN_RUN,watchlist,reports/report_20260612.html
2026-06-12,3322,建舜電,TAKE_PROFIT,ENTRY_CAUTION_GROUP,過熱 OVERHEATED,40.00,15.35,OVERHEATED;追高,watchlist,reports/report_20260612.html
2026-06-12,3362,ABILITY OPTO-ELECTRONICS TECHNO,TAKE_PROFIT,ENTRY_CAUTION_GROUP,過熱 OVERHEATED,32.00,160.50,OVERHEATED;追高,watchlist,reports/report_20260612.html
2026-06-12,3441,UNIQUE OPTO-ELECTRONICS CO LTD,TAKE_PROFIT,ENTRY_CAUTION_GROUP,過熱 OVERHEATED,28.00,70.00,OVERHEATED;追高,watchlist,reports/report_20260612.html
2026-06-12,3481,群創,REDUCE,REDUCE_GROUP,,0.00,48.55,,positions,reports/report_20260612.html
2026-06-12,3491,昇達科,STOP LOSS,REDUCE_GROUP,,0.00,1690.00,,positions,reports/report_20260612.html
2026-06-12,3504,揚明光,REMOVE_FROM_WATCHLIST,REDUCE_GROUP,失敗 FAILED,31.00,74.70,FAILED;跌破支撐,watchlist,reports/report_20260612.html
2026-06-12,3520,華盈,WAIT,WATCH_GROUP,未就緒 NOT_READY,35.00,17.05,NOT_READY;上影;收弱,watchlist,reports/report_20260612.html
2026-06-12,3532,台勝科,BUY,BUY_GROUP,,0.00,326.50,,market,reports/report_20260612.html
2026-06-12,3550,聯穎,WATCH_CLOSELY,WATCH_GROUP,主升 MAIN_RUN,40.00,29.05,MAIN_RUN;上影;收弱,watchlist,reports/report_20260612.html
2026-06-12,3630,新鉅科,WAIT,WATCH_GROUP,未就緒 NOT_READY,35.00,29.10,NOT_READY;上影;收弱,watchlist,reports/report_20260612.html
2026-06-12,3703,欣陸,WATCH_CLOSELY,WATCH_GROUP,築底 BASE_BUILDING,58.00,22.05,BASE_BUILDING,watchlist,reports/report_20260612.html
2026-06-12,3707,漢磊,TAKE PROFIT,REDUCE_GROUP,,0.00,77.10,,positions,reports/report_20260612.html
2026-06-12,4155,訊映,WAIT,WATCH_GROUP,未就緒 NOT_READY,44.00,15.05,NOT_READY;上影;收弱,watchlist,reports/report_20260612.html
2026-06-12,4162,PHARMAENGINE INC,WAIT,WATCH_GROUP,未就緒 NOT_READY,46.00,57.60,NOT_READY;上影;收弱,watchlist,reports/report_20260612.html
2026-06-12,4164,承業醫,WAIT,WATCH_GROUP,未就緒 NOT_READY,48.00,30.90,NOT_READY;上影;收弱,watchlist,reports/report_20260612.html
2026-06-12,4513,FALCON MACHINE TOOLS,WAIT,WATCH_GROUP,未就緒 NOT_READY,38.00,15.60,NOT_READY;上影;收弱,watchlist,reports/report_20260612.html
2026-06-12,4542,科嶠,WATCH_CLOSELY,WATCH_GROUP,主升 MAIN_RUN,42.00,335.50,MAIN_RUN,watchlist,reports/report_20260612.html
2026-06-12,4542,科嶠,BUY,BUY_GROUP,,0.00,335.50,,market,reports/report_20260612.html
2026-06-12,4739,康普,WAIT,WATCH_GROUP,未就緒 NOT_READY,35.00,121.50,NOT_READY;上影;收弱,watchlist,reports/report_20260612.html
2026-06-12,4763,材料*-KY,WAIT,WATCH_GROUP,未就緒 NOT_READY,48.00,44.45,NOT_READY;上影;收弱,watchlist,reports/report_20260612.html
2026-06-12,4915,致伸,WATCH_CLOSELY,WATCH_GROUP,築底 BASE_BUILDING,52.00,76.50,BASE_BUILDING;上影;收弱,watchlist,reports/report_20260612.html
2026-06-12,4919,新唐,SELL,REDUCE_GROUP,,0.00,175.50,,positions,reports/report_20260612.html
2026-06-12,4923,Force Mos,BUY,BUY_GROUP,,0.00,47.50,,market,reports/report_20260612.html
2026-06-12,4931,新盛力,WAIT,WATCH_GROUP,未就緒 NOT_READY,35.00,236.00,NOT_READY;上影;收弱,watchlist,reports/report_20260612.html
2026-06-12,4971,IET-KY,TAKE PROFIT,REDUCE_GROUP,,0.00,538.00,,positions,reports/report_20260612.html
2026-06-12,4976,佳凌,WAIT,WATCH_GROUP,未就緒 NOT_READY,31.00,32.55,NOT_READY;上影;收弱,watchlist,reports/report_20260612.html
2026-06-12,4989,榮科,SELL,REDUCE_GROUP,,0.00,79.70,,positions,reports/report_20260612.html
2026-06-12,5210,寶碩,WATCH_CLOSELY,WATCH_GROUP,築底 BASE_BUILDING,51.00,30.00,BASE_BUILDING;上影;收弱,watchlist,reports/report_20260612.html
2026-06-12,5289,宜鼎,WAIT,WATCH_GROUP,未就緒 NOT_READY,38.00,1805.00,NOT_READY,watchlist,reports/report_20260612.html
2026-06-12,5425,TAIWAN SEMICONDUCTOR CO,WAIT,WATCH_GROUP,未就緒 NOT_READY,38.00,101.00,NOT_READY,watchlist,reports/report_20260612.html
2026-06-12,5425,TAIWAN SEMICONDUCTOR CO,BUY,BUY_GROUP,,0.00,101.00,,market,reports/report_20260612.html
2026-06-12,5426,振發,WAIT,WATCH_GROUP,未就緒 NOT_READY,38.00,32.40,NOT_READY,watchlist,reports/report_20260612.html
2026-06-12,5434,崇越,WAIT,WATCH_GROUP,未就緒 NOT_READY,52.00,466.00,NOT_READY;上影;收弱,watchlist,reports/report_20260612.html
2026-06-12,5464,LIM HORN TECHNOLOGY,WAIT,WATCH_GROUP,未就緒 NOT_READY,38.00,71.80,NOT_READY,watchlist,reports/report_20260612.html
2026-06-12,5493,三聯,WAIT,WATCH_GROUP,未就緒 NOT_READY,38.00,93.70,NOT_READY;上影;收弱,watchlist,reports/report_20260612.html
2026-06-12,5508,永信建,WATCH_CLOSELY,WATCH_GROUP,主升 MAIN_RUN,48.00,56.90,MAIN_RUN,watchlist,reports/report_20260612.html
2026-06-12,5515,建國,WATCH_CLOSELY,WATCH_GROUP,築底 BASE_BUILDING,59.00,44.00,BASE_BUILDING,watchlist,reports/report_20260612.html
2026-06-12,5522,遠雄,WAIT,WATCH_GROUP,未就緒 NOT_READY,35.00,80.00,NOT_READY;上影;收弱,watchlist,reports/report_20260612.html
2026-06-12,5536,ACTER GROUP CORPORATION LTD,BUY,BUY_GROUP,,0.00,1180.00,,market,reports/report_20260612.html
2026-06-12,5607,遠雄港,WATCH_CLOSELY,WATCH_GROUP,築底 BASE_BUILDING,54.00,52.50,BASE_BUILDING;上影;收弱,watchlist,reports/report_20260612.html
2026-06-12,5876,上海商銀,WATCH_CLOSELY,WATCH_GROUP,築底 BASE_BUILDING,62.00,42.50,BASE_BUILDING,watchlist,reports/report_20260612.html
2026-06-12,5880,合庫金,WATCH_CLOSELY,WATCH_GROUP,築底 BASE_BUILDING,67.00,24.05,BASE_BUILDING;上影;收弱,watchlist,reports/report_20260612.html
2026-06-12,5880,合庫金,TAKE PROFIT,REDUCE_GROUP,,0.00,24.05,,positions,reports/report_20260612.html
2026-06-12,6113,ASEC INTERNATIONAL CORP,WAIT,WATCH_GROUP,未就緒 NOT_READY,37.00,27.25,NOT_READY;上影;收弱,watchlist,reports/report_20260612.html
2026-06-12,6127,九豪,WAIT,WATCH_GROUP,未就緒 NOT_READY,35.00,75.90,NOT_READY;上影;收弱,watchlist,reports/report_20260612.html
2026-06-12,6139,亞翔,WAIT,WATCH_GROUP,未就緒 NOT_READY,38.00,805.00,NOT_READY,watchlist,reports/report_20260612.html
2026-06-12,6153,聯益嘉,WATCH_CLOSELY,WATCH_GROUP,主升 MAIN_RUN,48.00,22.25,MAIN_RUN,watchlist,reports/report_20260612.html
2026-06-12,6156,SONG SHANG ELECTRONICS CO LTD,TAKE_PROFIT,ENTRY_CAUTION_GROUP,過熱 OVERHEATED,44.00,20.55,OVERHEATED;追高,watchlist,reports/report_20260612.html
2026-06-12,6165,浪凡,WAIT,WATCH_GROUP,未就緒 NOT_READY,51.00,49.10,NOT_READY,watchlist,reports/report_20260612.html
2026-06-12,6174,安,TAKE_PROFIT,ENTRY_CAUTION_GROUP,過熱 OVERHEATED,31.00,50.30,OVERHEATED;追高,watchlist,reports/report_20260612.html
2026-06-12,6175,立敦,WAIT,WATCH_GROUP,未就緒 NOT_READY,35.00,98.60,NOT_READY;上影;收弱,watchlist,reports/report_20260612.html
2026-06-12,6180,GAMANIA DIGITAL ENTERTAINMENT C,WAIT,WATCH_GROUP,未就緒 NOT_READY,35.00,44.60,NOT_READY;上影;收弱,watchlist,reports/report_20260612.html
2026-06-12,6182,WAFER WORKS CORPORATION,WAIT,WATCH_GROUP,未就緒 NOT_READY,58.00,88.90,NOT_READY,watchlist,reports/report_20260612.html
2026-06-12,6182,WAFER WORKS CORPORATION,BUY,BUY_GROUP,,0.00,88.90,,market,reports/report_20260612.html
2026-06-12,6186,SHIN RUENN DEVELOPMENT CO LTD,WAIT,WATCH_GROUP,未就緒 NOT_READY,44.00,41.05,NOT_READY;上影;收弱,watchlist,reports/report_20260612.html
2026-06-12,6189,豐藝,TAKE_PROFIT,ENTRY_CAUTION_GROUP,過熱 OVERHEATED,41.00,54.10,OVERHEATED;追高,watchlist,reports/report_20260612.html
2026-06-12,6191,精成科,TAKE PROFIT,REDUCE_GROUP,,0.00,93.80,,positions,reports/report_20260612.html
2026-06-12,6197,佳必琪,WAIT,WATCH_GROUP,未就緒 NOT_READY,39.00,327.50,NOT_READY,watchlist,reports/report_20260612.html
2026-06-12,6209,今國光,WAIT,WATCH_GROUP,未就緒 NOT_READY,38.00,82.40,NOT_READY,watchlist,reports/report_20260612.html
2026-06-12,6219,FULL WANG INTERNATIONAL DEVELOP,WAIT,WATCH_GROUP,未就緒 NOT_READY,42.00,13.10,NOT_READY,watchlist,reports/report_20260612.html
2026-06-12,6220,YFC-BONEAGLE ELECTRIC CO,WATCH_CLOSELY,WATCH_GROUP,主升 MAIN_RUN,44.00,34.60,MAIN_RUN;上影;收弱,watchlist,reports/report_20260612.html
2026-06-12,6239,力成,TAKE_PROFIT,ENTRY_CAUTION_GROUP,過熱 OVERHEATED,40.00,347.50,OVERHEATED;追高,watchlist,reports/report_20260612.html
2026-06-12,6244,MOTECH INDUSTRIES INC,TAKE_PROFIT,ENTRY_CAUTION_GROUP,過熱 OVERHEATED,31.00,31.10,OVERHEATED;追高,watchlist,reports/report_20260612.html
2026-06-12,6265,KUEN CHAANG UPPERTECH CORP,WAIT,WATCH_GROUP,未就緒 NOT_READY,31.00,58.90,NOT_READY;上影;收弱,watchlist,reports/report_20260612.html
2026-06-12,6270,倍微,WAIT,WATCH_GROUP,未就緒 NOT_READY,35.00,34.40,NOT_READY;上影;收弱,watchlist,reports/report_20260612.html
2026-06-12,6271,同欣電,BUY,BUY_GROUP,,0.00,238.50,,market,reports/report_20260612.html
2026-06-12,6271,同欣電,WAIT,WATCH_GROUP,未就緒 NOT_READY,38.00,238.50,NOT_READY,watchlist,reports/report_20260612.html
2026-06-12,6292,AXIS CORPORATION,WAIT,WATCH_GROUP,未就緒 NOT_READY,34.00,60.50,NOT_READY;上影;收弱,watchlist,reports/report_20260612.html
2026-06-12,6405,悅城,REMOVE_FROM_WATCHLIST,REDUCE_GROUP,失敗 FAILED,39.00,69.30,FAILED;跌破支撐,watchlist,reports/report_20260612.html
2026-06-12,6411,AMAZING MICROELECTRONIC CORP,WAIT,WATCH_GROUP,未就緒 NOT_READY,34.00,97.70,NOT_READY;上影;收弱,watchlist,reports/report_20260612.html
2026-06-12,6414,樺漢,WAIT,WATCH_GROUP,未就緒 NOT_READY,35.00,375.50,NOT_READY;上影;收弱,watchlist,reports/report_20260612.html
2026-06-12,6432,今展科,WAIT,WATCH_GROUP,未就緒 NOT_READY,35.00,70.10,NOT_READY;上影;收弱,watchlist,reports/report_20260612.html
2026-06-12,6442,光聖,REMOVE_FROM_WATCHLIST,REDUCE_GROUP,失敗 FAILED,46.00,1855.00,FAILED;跌破支撐,watchlist,reports/report_20260612.html
2026-06-12,6443,元晶,HOLD,WATCH_GROUP,,0.00,41.75,,positions,reports/report_20260612.html
2026-06-12,6449,鈺邦,WAIT,WATCH_GROUP,未就緒 NOT_READY,35.00,421.00,NOT_READY,watchlist,reports/report_20260612.html
2026-06-12,6465,ATRACK TECHNOLOGY INC,TAKE_PROFIT,ENTRY_CAUTION_GROUP,過熱 OVERHEATED,43.00,60.90,OVERHEATED;追高,watchlist,reports/report_20260612.html
2026-06-12,6469,大樹,WAIT,WATCH_GROUP,未就緒 NOT_READY,47.00,76.50,NOT_READY;上影;收弱,watchlist,reports/report_20260612.html
2026-06-12,6570,APLEX TECHNOLOGY INC,WAIT,WATCH_GROUP,未就緒 NOT_READY,31.00,57.30,NOT_READY;上影;收弱,watchlist,reports/report_20260612.html
2026-06-12,6585,鼎基,WATCH_CLOSELY,WATCH_GROUP,主升 MAIN_RUN,47.00,136.00,MAIN_RUN,watchlist,reports/report_20260612.html
2026-06-12,6642,FUZETEC TECHNOLOGY CO LTD,WAIT,WATCH_GROUP,未就緒 NOT_READY,31.00,83.10,NOT_READY;上影;收弱,watchlist,reports/report_20260612.html
2026-06-12,6667,信紘科,WATCH_CLOSELY,WATCH_GROUP,築底 BASE_BUILDING,51.00,269.50,BASE_BUILDING;上影;收弱,watchlist,reports/report_20260612.html
2026-06-12,6672,騰輝電子-KY,WATCH_CLOSELY,WATCH_GROUP,主升 MAIN_RUN,50.00,221.00,MAIN_RUN;上影;收弱,watchlist,reports/report_20260612.html
2026-06-12,6693,廣閎科,WATCH_CLOSELY,WATCH_GROUP,主升 MAIN_RUN,48.00,169.00,MAIN_RUN,watchlist,reports/report_20260612.html
2026-06-12,6757,台灣虎航,WAIT,WATCH_GROUP,未就緒 NOT_READY,40.00,56.60,NOT_READY,watchlist,reports/report_20260612.html
2026-06-12,6788,華景電,WAIT,WATCH_GROUP,未就緒 NOT_READY,42.00,421.00,NOT_READY,watchlist,reports/report_20260612.html
2026-06-12,6831,邁科,WAIT,WATCH_GROUP,未就緒 NOT_READY,31.00,727.00,NOT_READY;上影;收弱,watchlist,reports/report_20260612.html
2026-06-12,6841,長佳智能,WATCH_CLOSELY,WATCH_GROUP,築底 BASE_BUILDING,60.00,60.80,BASE_BUILDING,watchlist,reports/report_20260612.html
2026-06-12,6885,全福生技,WAIT,WATCH_GROUP,未就緒 NOT_READY,34.00,23.05,NOT_READY;上影;收弱,watchlist,reports/report_20260612.html
2026-06-12,6901,鑽石投資,WATCH_CLOSELY,WATCH_GROUP,主升 MAIN_RUN,45.00,16.20,MAIN_RUN;上影;收弱,watchlist,reports/report_20260612.html
2026-06-12,7749,意騰-KY,WAIT,WATCH_GROUP,未就緒 NOT_READY,31.00,505.00,NOT_READY;上影;收弱,watchlist,reports/report_20260612.html
2026-06-12,7772,耀穎,STOP LOSS,REDUCE_GROUP,,0.00,141.00,,positions,reports/report_20260612.html
2026-06-12,7780,大研生醫*,WAIT,WATCH_GROUP,未就緒 NOT_READY,53.00,18.80,NOT_READY,watchlist,reports/report_20260612.html
2026-06-12,8021,尖點,TAKE_PROFIT,ENTRY_CAUTION_GROUP,過熱 OVERHEATED,31.00,522.00,OVERHEATED;追高,watchlist,reports/report_20260612.html
2026-06-12,8039,台虹,WAIT,WATCH_GROUP,未就緒 NOT_READY,38.00,149.50,NOT_READY,watchlist,reports/report_20260612.html
2026-06-12,8042,TAIWAN CHINSAN ELECTRONIC INDUS,TAKE_PROFIT,ENTRY_CAUTION_GROUP,過熱 OVERHEATED,30.00,170.50,OVERHEATED;追高,watchlist,reports/report_20260612.html
2026-06-12,8044,網家,WAIT,WATCH_GROUP,未就緒 NOT_READY,38.00,29.90,NOT_READY;上影;收弱,watchlist,reports/report_20260612.html
2026-06-12,8112,至上,WAIT,WATCH_GROUP,未就緒 NOT_READY,40.00,98.80,NOT_READY;上影;收弱,watchlist,reports/report_20260612.html
2026-06-12,8121,越峰,WATCH_CLOSELY,WATCH_GROUP,主升 MAIN_RUN,38.00,44.40,MAIN_RUN;上影;收弱,watchlist,reports/report_20260612.html
2026-06-12,8182,加高,TAKE_PROFIT,ENTRY_CAUTION_GROUP,過熱 OVERHEATED,31.00,53.60,OVERHEATED;追高,watchlist,reports/report_20260612.html
2026-06-12,8261,富鼎,WAIT,WATCH_GROUP,未就緒 NOT_READY,44.00,173.50,NOT_READY,watchlist,reports/report_20260612.html
2026-06-12,8358,金居,TAKE PROFIT,REDUCE_GROUP,,0.00,574.00,,positions,reports/report_20260612.html
2026-06-12,8383,CHEN FULL INT CO,WAIT,WATCH_GROUP,未就緒 NOT_READY,41.00,58.70,NOT_READY;上影;收弱,watchlist,reports/report_20260612.html
2026-06-12,8404,百和興業-KY,WATCH_CLOSELY,WATCH_GROUP,築底 BASE_BUILDING,52.00,17.35,BASE_BUILDING;上影;收弱,watchlist,reports/report_20260612.html
2026-06-12,8422,可寧衛*,WAIT,WATCH_GROUP,未就緒 NOT_READY,35.00,29.00,NOT_READY;上影;收弱,watchlist,reports/report_20260612.html
2026-06-12,8476,台境*,WATCH_CLOSELY,WATCH_GROUP,主升 MAIN_RUN,44.00,19.65,MAIN_RUN,watchlist,reports/report_20260612.html
2026-06-12,8926,台汽電,PULLBACK_BUY,BUY_GROUP,主升 MAIN_RUN,45.00,74.20,MAIN_RUN;上影;收弱,watchlist,reports/report_20260612.html
2026-06-12,8932,智通*,WAIT,WATCH_GROUP,未就緒 NOT_READY,47.00,106.50,NOT_READY,watchlist,reports/report_20260612.html
2026-06-12,8996,高力,WAIT,WATCH_GROUP,未就緒 NOT_READY,35.00,1145.00,NOT_READY;上影;收弱,watchlist,reports/report_20260612.html
2026-06-12,9904,寶成,WAIT,WATCH_GROUP,未就緒 NOT_READY,45.00,26.65,NOT_READY,watchlist,reports/report_20260612.html
2026-06-12,9910,豐泰,WATCH_CLOSELY,WATCH_GROUP,主升 MAIN_RUN,32.00,91.90,MAIN_RUN;上影;收弱,watchlist,reports/report_20260612.html
2026-06-12,9917,中保科,PREPARE_ENTRY,BUY_GROUP,突破前 PRE_BREAKOUT,72.00,122.00,PRE_BREAKOUT,watchlist,reports/report_20260612.html
2026-06-12,9939,宏全,WAIT,WATCH_GROUP,未就緒 NOT_READY,58.00,133.50,NOT_READY,watchlist,reports/report_20260612.html
2026-06-12,9945,潤泰新,WATCH_CLOSELY,WATCH_GROUP,主升 MAIN_RUN,48.00,26.80,MAIN_RUN,watchlist,reports/report_20260612.html
2026-06-12,9946,三發地產,WAIT,WATCH_GROUP,未就緒 NOT_READY,41.00,17.95,NOT_READY;上影;收弱,watchlist,reports/report_20260612.html
2026-06-12,9958,世紀鋼,WATCH_CLOSELY,WATCH_GROUP,築底 BASE_BUILDING,76.00,112.50,BASE_BUILDING;上影;收弱,watchlist,reports/report_20260612.html
2026-06-13,0050,元大台灣50,TAKE PROFIT,REDUCE_GROUP,,0.00,105.25,,positions,reports/report_20260613.html
2026-06-13,0052,富邦科技,TAKE PROFIT,REDUCE_GROUP,,0.00,61.60,,positions,reports/report_20260613.html
2026-06-13,00878,國泰永續高股息,TAKE PROFIT,REDUCE_GROUP,,0.00,32.61,,positions,reports/report_20260613.html
2026-06-13,00892,富邦台灣半導體,TAKE PROFIT,REDUCE_GROUP,,0.00,44.35,,positions,reports/report_20260613.html
2026-06-13,1104,環泥,WATCH_CLOSELY,WATCH_GROUP,築底 BASE_BUILDING,80.00,29.10,BASE_BUILDING,watchlist,reports/report_20260613.html
2026-06-13,1210,大成,WATCH_CLOSELY,WATCH_GROUP,築底 BASE_BUILDING,62.00,55.80,BASE_BUILDING,watchlist,reports/report_20260613.html
2026-06-13,1402,遠東新,WATCH_CLOSELY,WATCH_GROUP,築底 BASE_BUILDING,60.00,27.55,BASE_BUILDING;上影;收弱,watchlist,reports/report_20260613.html
2026-06-13,1708,東鹼,WATCH_CLOSELY,WATCH_GROUP,主升 MAIN_RUN,58.00,47.40,MAIN_RUN,watchlist,reports/report_20260613.html
2026-06-13,1727,中華化,REMOVE_FROM_WATCHLIST,REDUCE_GROUP,失敗 FAILED,31.00,85.60,FAILED;跌破支撐,watchlist,reports/report_20260613.html
2026-06-13,1786,科妍,WAIT,WATCH_GROUP,未就緒 NOT_READY,55.00,56.00,NOT_READY;上影;收弱,watchlist,reports/report_20260613.html
2026-06-13,1789,神隆,WAIT,WATCH_GROUP,未就緒 NOT_READY,41.00,20.10,NOT_READY,watchlist,reports/report_20260613.html
2026-06-13,1808,潤隆,WAIT,WATCH_GROUP,未就緒 NOT_READY,67.00,32.60,NOT_READY,watchlist,reports/report_20260613.html
2026-06-13,1907,永豐餘,WATCH_CLOSELY,WATCH_GROUP,築底 BASE_BUILDING,61.00,26.25,BASE_BUILDING;上影;收弱,watchlist,reports/report_20260613.html
2026-06-13,2025,千興,WAIT,WATCH_GROUP,未就緒 NOT_READY,48.00,15.00,NOT_READY,watchlist,reports/report_20260613.html
2026-06-13,2030,彰源,WAIT,WATCH_GROUP,未就緒 NOT_READY,50.00,18.65,NOT_READY,watchlist,reports/report_20260613.html
2026-06-13,2059,川湖,WATCH_CLOSELY,WATCH_GROUP,主升 MAIN_RUN,48.00,6960.00,MAIN_RUN,watchlist,reports/report_20260613.html
2026-06-13,2241,艾姆勒,WATCH_CLOSELY,WATCH_GROUP,主升 MAIN_RUN,42.00,44.55,MAIN_RUN,watchlist,reports/report_20260613.html
2026-06-13,2243,宏旭-KY,TAKE_PROFIT,ENTRY_CAUTION_GROUP,過熱 OVERHEATED,39.00,40.90,OVERHEATED;追高,watchlist,reports/report_20260613.html
2026-06-13,2301,光寶科,SELL,REDUCE_GROUP,,0.00,207.50,,positions,reports/report_20260613.html
2026-06-13,2313,華通,WAIT,WATCH_GROUP,未就緒 NOT_READY,31.00,256.02,NOT_READY;上影;收弱,watchlist,reports/report_20260613.html
2026-06-13,2313,華通,REDUCE,REDUCE_GROUP,,0.00,256.02,,positions,reports/report_20260613.html
2026-06-13,2317,鴻海,TAKE PROFIT,REDUCE_GROUP,,0.00,267.50,,positions,reports/report_20260613.html
2026-06-13,2327,國巨,TAKE PROFIT,REDUCE_GROUP,,0.00,940.00,,positions,reports/report_20260613.html
2026-06-13,2330,台積電,TAKE PROFIT,REDUCE_GROUP,,0.00,2375.00,,positions,reports/report_20260613.html
2026-06-13,2348,海悅,TAKE_PROFIT,ENTRY_CAUTION_GROUP,過熱 OVERHEATED,44.00,72.60,OVERHEATED;追高,watchlist,reports/report_20260613.html
2026-06-13,2356,英業達,TAKE PROFIT,REDUCE_GROUP,,0.00,67.10,,positions,reports/report_20260613.html
2026-06-13,2412,中華電,TAKE PROFIT,REDUCE_GROUP,,0.00,145.50,,positions,reports/report_20260613.html
2026-06-13,2413,環科,TAKE_PROFIT,ENTRY_CAUTION_GROUP,過熱 OVERHEATED,41.00,62.50,OVERHEATED;追高,watchlist,reports/report_20260613.html
2026-06-13,2449,京元電子,SELL,REDUCE_GROUP,,0.00,281.00,,positions,reports/report_20260613.html
2026-06-13,2457,飛宏,WATCH_CLOSELY,WATCH_GROUP,主升 MAIN_RUN,50.00,29.65,MAIN_RUN;上影;收弱,watchlist,reports/report_20260613.html
2026-06-13,2462,良得電,WAIT,WATCH_GROUP,未就緒 NOT_READY,35.00,25.40,NOT_READY;上影;收弱,watchlist,reports/report_20260613.html
2026-06-13,2478,大毅,TAKE_PROFIT,ENTRY_CAUTION_GROUP,過熱 OVERHEATED,39.00,188.50,OVERHEATED;追高,watchlist,reports/report_20260613.html
2026-06-13,2484,希華,TAKE_PROFIT,ENTRY_CAUTION_GROUP,過熱 OVERHEATED,48.00,73.30,OVERHEATED;追高,watchlist,reports/report_20260613.html
2026-06-13,2485,兆赫,SELL,REDUCE_GROUP,,0.00,63.70,,positions,reports/report_20260613.html
2026-06-13,2493,揚博,TAKE_PROFIT,ENTRY_CAUTION_GROUP,過熱 OVERHEATED,34.00,227.50,OVERHEATED;追高,watchlist,reports/report_20260613.html
2026-06-13,2497,怡利電,WAIT,WATCH_GROUP,未就緒 NOT_READY,35.00,62.30,NOT_READY;上影;收弱,watchlist,reports/report_20260613.html
2026-06-13,2501,國建,TAKE_PROFIT,ENTRY_CAUTION_GROUP,過熱 OVERHEATED,41.00,27.00,OVERHEATED;追高,watchlist,reports/report_20260613.html
2026-06-13,2504,國產,WAIT,WATCH_GROUP,未就緒 NOT_READY,46.00,36.65,NOT_READY,watchlist,reports/report_20260613.html
2026-06-13,2505,國揚,WAIT,WATCH_GROUP,未就緒 NOT_READY,38.00,18.75,NOT_READY;上影;收弱,watchlist,reports/report_20260613.html
2026-06-13,2520,冠德,WAIT,WATCH_GROUP,未就緒 NOT_READY,48.00,34.75,NOT_READY,watchlist,reports/report_20260613.html
2026-06-13,2534,宏盛,WAIT,WATCH_GROUP,未就緒 NOT_READY,48.00,18.70,NOT_READY;上影;收弱,watchlist,reports/report_20260613.html
2026-06-13,2536,宏普,WAIT,WATCH_GROUP,未就緒 NOT_READY,55.00,21.70,NOT_READY,watchlist,reports/report_20260613.html
2026-06-13,2540,愛山林,WAIT,WATCH_GROUP,未就緒 NOT_READY,31.00,53.50,NOT_READY;上影;收弱,watchlist,reports/report_20260613.html
2026-06-13,2542,興富發,WAIT,WATCH_GROUP,未就緒 NOT_READY,35.00,45.45,NOT_READY;上影;收弱,watchlist,reports/report_20260613.html
2026-06-13,2543,皇昌,WAIT,WATCH_GROUP,未就緒 NOT_READY,42.00,46.80,NOT_READY,watchlist,reports/report_20260613.html
2026-06-13,2547,日勝生,WAIT,WATCH_GROUP,未就緒 NOT_READY,51.00,11.00,NOT_READY;上影;收弱,watchlist,reports/report_20260613.html
2026-06-13,2597,潤弘,WAIT,WATCH_GROUP,未就緒 NOT_READY,35.00,190.50,NOT_READY;上影;收弱,watchlist,reports/report_20260613.html
2026-06-13,2607,榮運,WATCH_CLOSELY,WATCH_GROUP,築底 BASE_BUILDING,48.00,50.10,BASE_BUILDING;上影;收弱,watchlist,reports/report_20260613.html
2026-06-13,2617,台航,WATCH_CLOSELY,WATCH_GROUP,築底 BASE_BUILDING,59.00,30.25,BASE_BUILDING,watchlist,reports/report_20260613.html
2026-06-13,2636,台驊控股,PREPARE_ENTRY,BUY_GROUP,突破前 PRE_BREAKOUT,72.00,71.10,PRE_BREAKOUT;上影;收弱,watchlist,reports/report_20260613.html
2026-06-13,2645,長榮航太,WAIT,WATCH_GROUP,未就緒 NOT_READY,45.00,170.50,NOT_READY;上影;收弱,watchlist,reports/report_20260613.html
2026-06-13,2801,彰銀,WAIT,WATCH_GROUP,未就緒 NOT_READY,54.00,22.65,NOT_READY;上影;收弱,watchlist,reports/report_20260613.html
2026-06-13,2820,華票,WATCH_CLOSELY,WATCH_GROUP,築底 BASE_BUILDING,61.00,17.75,BASE_BUILDING,watchlist,reports/report_20260613.html
2026-06-13,2834,臺企銀,WATCH_CLOSELY,WATCH_GROUP,築底 BASE_BUILDING,65.00,17.30,BASE_BUILDING;上影;收弱,watchlist,reports/report_20260613.html
2026-06-13,2834,臺企銀,TAKE PROFIT,REDUCE_GROUP,,0.00,17.30,,positions,reports/report_20260613.html
2026-06-13,2836,高雄銀,TAKE_PROFIT,ENTRY_CAUTION_GROUP,過熱 OVERHEATED,65.00,12.25,OVERHEATED;追高,watchlist,reports/report_20260613.html
2026-06-13,2838,聯邦銀,PREPARE_ENTRY,BUY_GROUP,突破前 PRE_BREAKOUT,65.00,21.90,PRE_BREAKOUT;量不足,watchlist,reports/report_20260613.html
2026-06-13,2845,遠東銀,WATCH_CLOSELY,WATCH_GROUP,築底 BASE_BUILDING,62.00,12.85,BASE_BUILDING;上影;收弱,watchlist,reports/report_20260613.html
2026-06-13,2850,新產,WAIT,WATCH_GROUP,未就緒 NOT_READY,48.00,148.00,NOT_READY;上影;收弱,watchlist,reports/report_20260613.html
2026-06-13,2851,中再保,WAIT,WATCH_GROUP,未就緒 NOT_READY,62.00,38.00,NOT_READY,watchlist,reports/report_20260613.html
2026-06-13,2881,富邦金,TAKE PROFIT,REDUCE_GROUP,,0.00,127.50,,positions,reports/report_20260613.html
2026-06-13,2882,國泰金,TAKE PROFIT,REDUCE_GROUP,,0.00,104.00,,positions,reports/report_20260613.html
2026-06-13,2883,凱基金,WAIT,WATCH_GROUP,未就緒 NOT_READY,54.00,28.80,NOT_READY;上影;收弱,watchlist,reports/report_20260613.html
2026-06-13,2884,玉山金,WAIT,WATCH_GROUP,未就緒 NOT_READY,68.00,34.65,NOT_READY,watchlist,reports/report_20260613.html
2026-06-13,2891,中信金,TAKE PROFIT,REDUCE_GROUP,,0.00,70.10,,positions,reports/report_20260613.html
2026-06-13,2892,第一金,TAKE PROFIT,REDUCE_GROUP,,0.00,31.30,,positions,reports/report_20260613.html
2026-06-13,2897,王道銀行,PREPARE_ENTRY,BUY_GROUP,突破前 PRE_BREAKOUT,66.00,10.50,PRE_BREAKOUT;量不足,watchlist,reports/report_20260613.html
2026-06-13,2903,遠百,PREPARE_ENTRY,BUY_GROUP,突破前 PRE_BREAKOUT,66.00,24.20,PRE_BREAKOUT,watchlist,reports/report_20260613.html
2026-06-13,2905,三商,TAKE_PROFIT,ENTRY_CAUTION_GROUP,過熱 OVERHEATED,64.00,15.40,OVERHEATED;追高,watchlist,reports/report_20260613.html
2026-06-13,3003,健和興,TAKE_PROFIT,ENTRY_CAUTION_GROUP,過熱 OVERHEATED,50.00,63.50,OVERHEATED;追高,watchlist,reports/report_20260613.html
2026-06-13,3004,豐達科,WATCH_CLOSELY,WATCH_GROUP,築底 BASE_BUILDING,52.00,138.00,BASE_BUILDING;上影;收弱,watchlist,reports/report_20260613.html
2026-06-13,3016,嘉晶,TAKE PROFIT,REDUCE_GROUP,,0.00,125.00,,positions,reports/report_20260613.html
2026-06-13,3022,威強電,WATCH_CLOSELY,WATCH_GROUP,主升 MAIN_RUN,65.00,85.30,MAIN_RUN,watchlist,reports/report_20260613.html
2026-06-13,3025,星通,WATCH_CLOSELY,WATCH_GROUP,築底 BASE_BUILDING,44.00,74.20,BASE_BUILDING;上影;收弱,watchlist,reports/report_20260613.html
2026-06-13,3026,禾伸堂,TAKE PROFIT,REDUCE_GROUP,,0.00,840.00,,positions,reports/report_20260613.html
2026-06-13,3033,威健,WAIT,WATCH_GROUP,未就緒 NOT_READY,40.00,49.60,NOT_READY;上影;收弱,watchlist,reports/report_20260613.html
2026-06-13,3037,欣興,SELL,REDUCE_GROUP,,0.00,960.00,,positions,reports/report_20260613.html
2026-06-13,3042,晶技,TAKE_PROFIT,ENTRY_CAUTION_GROUP,過熱 OVERHEATED,31.00,243.50,OVERHEATED;追高,watchlist,reports/report_20260613.html
2026-06-13,3048,益登,WATCH_CLOSELY,WATCH_GROUP,主升 MAIN_RUN,35.00,73.50,MAIN_RUN;上影;收弱,watchlist,reports/report_20260613.html
2026-06-13,3056,富華新,WATCH_CLOSELY,WATCH_GROUP,築底 BASE_BUILDING,68.00,15.35,BASE_BUILDING,watchlist,reports/report_20260613.html
2026-06-13,3088,AXIOMTEK CO,WAIT,WATCH_GROUP,未就緒 NOT_READY,40.00,140.50,NOT_READY;上影;收弱,watchlist,reports/report_20260613.html
2026-06-13,3090,日電貿,BUY,BUY_GROUP,,0.00,281.50,,market,reports/report_20260613.html
2026-06-13,3093,港建*,WAIT,WATCH_GROUP,未就緒 NOT_READY,38.00,64.70,NOT_READY;上影;收弱,watchlist,reports/report_20260613.html
2026-06-13,3149,正達,TAKE PROFIT,REDUCE_GROUP,,0.00,87.40,,positions,reports/report_20260613.html
2026-06-13,3152,ADVANCED CERAMIC X CORP,WATCH_CLOSELY,WATCH_GROUP,主升 MAIN_RUN,48.00,393.58,MAIN_RUN,watchlist,reports/report_20260613.html
2026-06-13,3167,大量,REMOVE_FROM_WATCHLIST,REDUCE_GROUP,失敗 FAILED,31.00,839.00,FAILED;跌破支撐,watchlist,reports/report_20260613.html
2026-06-13,3221,台嘉碩,WATCH_CLOSELY,WATCH_GROUP,主升 MAIN_RUN,35.00,63.70,MAIN_RUN;上影;收弱,watchlist,reports/report_20260613.html
2026-06-13,3290,東浦,TAKE_PROFIT,ENTRY_CAUTION_GROUP,過熱 OVERHEATED,31.00,62.50,OVERHEATED;追高,watchlist,reports/report_20260613.html
2026-06-13,3293,鈊象,WAIT,WATCH_GROUP,未就緒 NOT_READY,31.00,751.00,NOT_READY;上影;收弱,watchlist,reports/report_20260613.html
2026-06-13,3321,同泰,WATCH_CLOSELY,WATCH_GROUP,主升 MAIN_RUN,42.00,22.45,MAIN_RUN,watchlist,reports/report_20260613.html
2026-06-13,3322,建舜電,TAKE_PROFIT,ENTRY_CAUTION_GROUP,過熱 OVERHEATED,40.00,15.50,OVERHEATED;追高,watchlist,reports/report_20260613.html
2026-06-13,3362,ABILITY OPTO-ELECTRONICS TECHNO,TAKE_PROFIT,ENTRY_CAUTION_GROUP,過熱 OVERHEATED,32.00,176.50,OVERHEATED;追高,watchlist,reports/report_20260613.html
2026-06-13,3441,UNIQUE OPTO-ELECTRONICS CO LTD,TAKE_PROFIT,ENTRY_CAUTION_GROUP,過熱 OVERHEATED,28.00,73.70,OVERHEATED;追高,watchlist,reports/report_20260613.html
2026-06-13,3481,群創,REDUCE,REDUCE_GROUP,,0.00,51.40,,positions,reports/report_20260613.html
2026-06-13,3491,昇達科,STOP LOSS,REDUCE_GROUP,,0.00,1555.00,,positions,reports/report_20260613.html
2026-06-13,3504,揚明光,REMOVE_FROM_WATCHLIST,REDUCE_GROUP,失敗 FAILED,31.00,82.10,FAILED;跌破支撐,watchlist,reports/report_20260613.html
2026-06-13,3520,華盈,WAIT,WATCH_GROUP,未就緒 NOT_READY,35.00,16.70,NOT_READY;上影;收弱,watchlist,reports/report_20260613.html
2026-06-13,3532,台勝科,BUY,BUY_GROUP,,0.00,359.00,,market,reports/report_20260613.html
2026-06-13,3550,聯穎,WATCH_CLOSELY,WATCH_GROUP,主升 MAIN_RUN,40.00,28.05,MAIN_RUN;上影;收弱,watchlist,reports/report_20260613.html
2026-06-13,3630,新鉅科,WAIT,WATCH_GROUP,未就緒 NOT_READY,35.00,30.50,NOT_READY;上影;收弱,watchlist,reports/report_20260613.html
2026-06-13,3703,欣陸,WATCH_CLOSELY,WATCH_GROUP,築底 BASE_BUILDING,58.00,22.00,BASE_BUILDING,watchlist,reports/report_20260613.html
2026-06-13,3707,漢磊,TAKE PROFIT,REDUCE_GROUP,,0.00,81.70,,positions,reports/report_20260613.html
2026-06-13,4155,訊映,WAIT,WATCH_GROUP,未就緒 NOT_READY,44.00,15.00,NOT_READY;上影;收弱,watchlist,reports/report_20260613.html
2026-06-13,4162,PHARMAENGINE INC,WAIT,WATCH_GROUP,未就緒 NOT_READY,46.00,57.30,NOT_READY;上影;收弱,watchlist,reports/report_20260613.html
2026-06-13,4164,承業醫,WAIT,WATCH_GROUP,未就緒 NOT_READY,48.00,30.80,NOT_READY;上影;收弱,watchlist,reports/report_20260613.html
2026-06-13,4513,FALCON MACHINE TOOLS,WAIT,WATCH_GROUP,未就緒 NOT_READY,38.00,15.75,NOT_READY;上影;收弱,watchlist,reports/report_20260613.html
2026-06-13,4542,科嶠,WATCH_CLOSELY,WATCH_GROUP,主升 MAIN_RUN,42.00,360.00,MAIN_RUN,watchlist,reports/report_20260613.html
2026-06-13,4542,科嶠,BUY,BUY_GROUP,,0.00,360.00,,market,reports/report_20260613.html
2026-06-13,4739,康普,WAIT,WATCH_GROUP,未就緒 NOT_READY,35.00,122.50,NOT_READY;上影;收弱,watchlist,reports/report_20260613.html
2026-06-13,4763,材料*-KY,WAIT,WATCH_GROUP,未就緒 NOT_READY,48.00,44.80,NOT_READY;上影;收弱,watchlist,reports/report_20260613.html
2026-06-13,4915,致伸,WATCH_CLOSELY,WATCH_GROUP,築底 BASE_BUILDING,52.00,77.50,BASE_BUILDING;上影;收弱,watchlist,reports/report_20260613.html
2026-06-13,4919,新唐,SELL,REDUCE_GROUP,,0.00,193.00,,positions,reports/report_20260613.html
2026-06-13,4923,Force Mos,BUY,BUY_GROUP,,0.00,51.00,,market,reports/report_20260613.html
2026-06-13,4931,新盛力,WAIT,WATCH_GROUP,未就緒 NOT_READY,35.00,252.00,NOT_READY;上影;收弱,watchlist,reports/report_20260613.html
2026-06-13,4971,IET-KY,TAKE PROFIT,REDUCE_GROUP,,0.00,551.00,,positions,reports/report_20260613.html
2026-06-13,4976,佳凌,WAIT,WATCH_GROUP,未就緒 NOT_READY,31.00,34.60,NOT_READY;上影;收弱,watchlist,reports/report_20260613.html
2026-06-13,4989,榮科,SELL,REDUCE_GROUP,,0.00,80.80,,positions,reports/report_20260613.html
2026-06-13,5210,寶碩,WATCH_CLOSELY,WATCH_GROUP,築底 BASE_BUILDING,51.00,31.00,BASE_BUILDING;上影;收弱,watchlist,reports/report_20260613.html
2026-06-13,5289,宜鼎,WAIT,WATCH_GROUP,未就緒 NOT_READY,38.00,1920.00,NOT_READY,watchlist,reports/report_20260613.html
2026-06-13,5425,TAIWAN SEMICONDUCTOR CO,BUY,BUY_GROUP,,0.00,101.00,,market,reports/report_20260613.html
2026-06-13,5426,振發,WAIT,WATCH_GROUP,未就緒 NOT_READY,38.00,35.60,NOT_READY,watchlist,reports/report_20260613.html
2026-06-13,5493,三聯,WAIT,WATCH_GROUP,未就緒 NOT_READY,38.00,93.00,NOT_READY;上影;收弱,watchlist,reports/report_20260613.html
2026-06-13,5508,永信建,WATCH_CLOSELY,WATCH_GROUP,主升 MAIN_RUN,48.00,56.50,MAIN_RUN,watchlist,reports/report_20260613.html
2026-06-13,5515,建國,WATCH_CLOSELY,WATCH_GROUP,築底 BASE_BUILDING,59.00,43.95,BASE_BUILDING,watchlist,reports/report_20260613.html
2026-06-13,5522,遠雄,WAIT,WATCH_GROUP,未就緒 NOT_READY,35.00,77.70,NOT_READY;上影;收弱,watchlist,reports/report_20260613.html
2026-06-13,5536,ACTER GROUP CORPORATION LTD,BUY,BUY_GROUP,,0.00,1255.00,,market,reports/report_20260613.html
2026-06-13,5607,遠雄港,WATCH_CLOSELY,WATCH_GROUP,築底 BASE_BUILDING,54.00,52.20,BASE_BUILDING;上影;收弱,watchlist,reports/report_20260613.html
2026-06-13,5876,上海商銀,WATCH_CLOSELY,WATCH_GROUP,築底 BASE_BUILDING,62.00,42.90,BASE_BUILDING,watchlist,reports/report_20260613.html
2026-06-13,5880,合庫金,TAKE PROFIT,REDUCE_GROUP,,0.00,24.15,,positions,reports/report_20260613.html
2026-06-13,5880,合庫金,WATCH_CLOSELY,WATCH_GROUP,築底 BASE_BUILDING,67.00,24.15,BASE_BUILDING;上影;收弱,watchlist,reports/report_20260613.html
2026-06-13,6127,九豪,WAIT,WATCH_GROUP,未就緒 NOT_READY,35.00,79.00,NOT_READY;上影;收弱,watchlist,reports/report_20260613.html
2026-06-13,6153,聯益嘉,WATCH_CLOSELY,WATCH_GROUP,主升 MAIN_RUN,48.00,24.45,MAIN_RUN,watchlist,reports/report_20260613.html
2026-06-13,6165,浪凡,WAIT,WATCH_GROUP,未就緒 NOT_READY,51.00,48.80,NOT_READY,watchlist,reports/report_20260613.html
2026-06-13,6174,安,TAKE_PROFIT,ENTRY_CAUTION_GROUP,過熱 OVERHEATED,31.00,55.30,OVERHEATED;追高,watchlist,reports/report_20260613.html
2026-06-13,6175,立敦,WAIT,WATCH_GROUP,未就緒 NOT_READY,35.00,108.00,NOT_READY;上影;收弱,watchlist,reports/report_20260613.html
2026-06-13,6180,GAMANIA DIGITAL ENTERTAINMENT C,WAIT,WATCH_GROUP,未就緒 NOT_READY,35.00,43.95,NOT_READY;上影;收弱,watchlist,reports/report_20260613.html
2026-06-13,6182,WAFER WORKS CORPORATION,BUY,BUY_GROUP,,0.00,97.70,,market,reports/report_20260613.html
2026-06-13,6186,SHIN RUENN DEVELOPMENT CO LTD,WAIT,WATCH_GROUP,未就緒 NOT_READY,44.00,41.15,NOT_READY;上影;收弱,watchlist,reports/report_20260613.html
2026-06-13,6189,豐藝,WAIT,WATCH_GROUP,未就緒 NOT_READY,41.00,55.50,NOT_READY;上影;收弱,watchlist,reports/report_20260613.html
2026-06-13,6191,精成科,TAKE PROFIT,REDUCE_GROUP,,0.00,103.00,,positions,reports/report_20260613.html
2026-06-13,6197,佳必琪,WAIT,WATCH_GROUP,未就緒 NOT_READY,39.00,331.50,NOT_READY,watchlist,reports/report_20260613.html
2026-06-13,6209,今國光,WAIT,WATCH_GROUP,未就緒 NOT_READY,38.00,86.70,NOT_READY,watchlist,reports/report_20260613.html
2026-06-13,6219,FULL WANG INTERNATIONAL DEVELOP,WAIT,WATCH_GROUP,未就緒 NOT_READY,42.00,12.95,NOT_READY,watchlist,reports/report_20260613.html
2026-06-13,6270,倍微,WAIT,WATCH_GROUP,未就緒 NOT_READY,35.00,35.50,NOT_READY;上影;收弱,watchlist,reports/report_20260613.html
2026-06-13,6271,同欣電,BUY,BUY_GROUP,,0.00,244.00,,market,reports/report_20260613.html
2026-06-13,6414,樺漢,WAIT,WATCH_GROUP,未就緒 NOT_READY,35.00,381.50,NOT_READY;上影;收弱,watchlist,reports/report_20260613.html
2026-06-13,6432,今展科,WAIT,WATCH_GROUP,未就緒 NOT_READY,35.00,74.10,NOT_READY;上影;收弱,watchlist,reports/report_20260613.html
2026-06-13,6442,光聖,REMOVE_FROM_WATCHLIST,REDUCE_GROUP,失敗 FAILED,46.00,1920.00,FAILED;跌破支撐,watchlist,reports/report_20260613.html
2026-06-13,6443,元晶,HOLD,WATCH_GROUP,,0.00,41.20,,positions,reports/report_20260613.html
2026-06-13,6469,大樹,WAIT,WATCH_GROUP,未就緒 NOT_READY,47.00,75.50,NOT_READY;上影;收弱,watchlist,reports/report_20260613.html
2026-06-13,6570,APLEX TECHNOLOGY INC,WAIT,WATCH_GROUP,未就緒 NOT_READY,31.00,55.90,NOT_READY;上影;收弱,watchlist,reports/report_20260613.html
2026-06-13,6585,鼎基,WATCH_CLOSELY,WATCH_GROUP,主升 MAIN_RUN,47.00,136.00,MAIN_RUN,watchlist,reports/report_20260613.html
2026-06-13,6642,FUZETEC TECHNOLOGY CO LTD,WAIT,WATCH_GROUP,未就緒 NOT_READY,31.00,86.40,NOT_READY;上影;收弱,watchlist,reports/report_20260613.html
2026-06-13,6667,信紘科,WATCH_CLOSELY,WATCH_GROUP,築底 BASE_BUILDING,51.00,278.00,BASE_BUILDING;上影;收弱,watchlist,reports/report_20260613.html
2026-06-13,6672,騰輝電子-KY,WATCH_CLOSELY,WATCH_GROUP,主升 MAIN_RUN,50.00,235.50,MAIN_RUN;上影;收弱,watchlist,reports/report_20260613.html
2026-06-13,6693,廣閎科,WATCH_CLOSELY,WATCH_GROUP,主升 MAIN_RUN,48.00,185.50,MAIN_RUN,watchlist,reports/report_20260613.html
2026-06-13,6788,華景電,WAIT,WATCH_GROUP,未就緒 NOT_READY,42.00,449.00,NOT_READY,watchlist,reports/report_20260613.html
2026-06-13,6831,邁科,WAIT,WATCH_GROUP,未就緒 NOT_READY,31.00,747.00,NOT_READY;上影;收弱,watchlist,reports/report_20260613.html
2026-06-13,6841,長佳智能,WATCH_CLOSELY,WATCH_GROUP,築底 BASE_BUILDING,60.00,60.80,BASE_BUILDING,watchlist,reports/report_20260613.html
2026-06-13,6885,全福生技,WAIT,WATCH_GROUP,未就緒 NOT_READY,34.00,23.00,NOT_READY;上影;收弱,watchlist,reports/report_20260613.html
2026-06-13,6901,鑽石投資,WATCH_CLOSELY,WATCH_GROUP,主升 MAIN_RUN,45.00,16.00,MAIN_RUN;上影;收弱,watchlist,reports/report_20260613.html
2026-06-13,7749,意騰-KY,WAIT,WATCH_GROUP,未就緒 NOT_READY,31.00,498.50,NOT_READY;上影;收弱,watchlist,reports/report_20260613.html
2026-06-13,7772,耀穎,STOP LOSS,REDUCE_GROUP,,0.00,148.00,,positions,reports/report_20260613.html
2026-06-13,7780,大研生醫*,WAIT,WATCH_GROUP,未就緒 NOT_READY,53.00,19.35,NOT_READY,watchlist,reports/report_20260613.html
2026-06-13,8021,尖點,TAKE_PROFIT,ENTRY_CAUTION_GROUP,過熱 OVERHEATED,31.00,506.00,OVERHEATED;追高,watchlist,reports/report_20260613.html
2026-06-13,8044,網家,WAIT,WATCH_GROUP,未就緒 NOT_READY,38.00,29.20,NOT_READY;上影;收弱,watchlist,reports/report_20260613.html
2026-06-13,8121,越峰,WATCH_CLOSELY,WATCH_GROUP,主升 MAIN_RUN,38.00,48.80,MAIN_RUN;上影;收弱,watchlist,reports/report_20260613.html
2026-06-13,8182,加高,TAKE_PROFIT,ENTRY_CAUTION_GROUP,過熱 OVERHEATED,31.00,57.00,OVERHEATED;追高,watchlist,reports/report_20260613.html
2026-06-13,8358,金居,TAKE PROFIT,REDUCE_GROUP,,0.00,624.00,,positions,reports/report_20260613.html
2026-06-13,8404,百和興業-KY,WATCH_CLOSELY,WATCH_GROUP,築底 BASE_BUILDING,52.00,16.80,BASE_BUILDING;上影;收弱,watchlist,reports/report_20260613.html
2026-06-13,8422,可寧衛*,WAIT,WATCH_GROUP,未就緒 NOT_READY,35.00,28.75,NOT_READY;上影;收弱,watchlist,reports/report_20260613.html
2026-06-13,8476,台境*,WATCH_CLOSELY,WATCH_GROUP,主升 MAIN_RUN,44.00,19.70,MAIN_RUN,watchlist,reports/report_20260613.html
2026-06-13,8926,台汽電,PULLBACK_BUY,BUY_GROUP,主升 MAIN_RUN,45.00,72.40,MAIN_RUN;上影;收弱,watchlist,reports/report_20260613.html
2026-06-13,8932,智通*,WAIT,WATCH_GROUP,未就緒 NOT_READY,47.00,103.00,NOT_READY,watchlist,reports/report_20260613.html
2026-06-13,8996,高力,WAIT,WATCH_GROUP,未就緒 NOT_READY,35.00,1255.00,NOT_READY;上影;收弱,watchlist,reports/report_20260613.html
2026-06-13,9904,寶成,WAIT,WATCH_GROUP,未就緒 NOT_READY,45.00,26.65,NOT_READY,watchlist,reports/report_20260613.html
2026-06-13,9910,豐泰,WATCH_CLOSELY,WATCH_GROUP,主升 MAIN_RUN,32.00,79.10,MAIN_RUN;上影;收弱,watchlist,reports/report_20260613.html
2026-06-13,9917,中保科,PREPARE_ENTRY,BUY_GROUP,突破前 PRE_BREAKOUT,72.00,119.00,PRE_BREAKOUT,watchlist,reports/report_20260613.html
2026-06-13,9939,宏全,WAIT,WATCH_GROUP,未就緒 NOT_READY,58.00,133.50,NOT_READY,watchlist,reports/report_20260613.html
2026-06-13,9945,潤泰新,WATCH_CLOSELY,WATCH_GROUP,主升 MAIN_RUN,48.00,27.05,MAIN_RUN,watchlist,reports/report_20260613.html
2026-06-13,9946,三發地產,WAIT,WATCH_GROUP,未就緒 NOT_READY,41.00,19.30,NOT_READY;上影;收弱,watchlist,reports/report_20260613.html
2026-06-13,9958,世紀鋼,WATCH_CLOSELY,WATCH_GROUP,築底 BASE_BUILDING,76.00,110.00,BASE_BUILDING;上影;收弱,watchlist,reports/report_20260613.html
